user_id,timestamp,object_id,dok_level,activity_type,time_spent,score,attempts,has_assessment,completed
1,2025-06-29 20:54:57.886510,chapter_1.1.1.1.1.1,1,video,31,,0,False,True
1,2025-06-22 20:54:57.886510,chapter_1.1.1.1.1.2,2,practice,43,46.66752802635245,1,True,False
1,2025-06-25 20:54:57.886510,chapter_1.1.1.1.1.3,3,quiz,23,43.09048671309857,1,True,False
1,2025-06-17 20:54:57.886510,chapter_1.1.1.1.1.4,4,project,64,44.83408745946176,2,True,False
1,2025-06-23 20:54:57.886510,chapter_1.1.1.1.1.4,4,project,92,53.38609770933891,2,True,False
1,2025-07-11 20:54:57.886510,chapter_1.1.2.1.2.1,1,video,46,,0,False,True
1,2025-06-21 20:54:57.886510,chapter_1.1.2.1.2.2,2,practice,50,48.451128239578374,3,True,False
1,2025-06-19 20:54:57.886510,chapter_1.1.2.1.2.2,2,practice,45,63.43921279865681,2,True,True
1,2025-06-24 20:54:57.886510,chapter_1.1.2.1.2.3,3,quiz,46,43.462291996551016,2,True,False
1,2025-06-28 20:54:57.886510,chapter_1.1.2.1.2.4,4,project,96,40.725369744816206,2,True,False
2,2025-07-13 20:54:57.886510,chapter_1.1.1.1.1.1,1,video,47,,0,False,True
2,2025-07-03 20:54:57.886510,chapter_1.1.1.1.1.2,2,practice,32,36.01724954088774,2,True,False
2,2025-06-25 20:54:57.886510,chapter_1.1.1.1.1.2,2,practice,29,31.31889413913114,1,True,False
2,2025-06-29 20:54:57.886510,chapter_1.1.1.1.1.3,3,quiz,91,29.02779318230555,3,True,False
2,2025-07-11 20:54:57.886510,chapter_1.1.1.1.1.4,4,project,69,29.387595247035335,1,True,False
2,2025-06-15 20:54:57.886510,chapter_1.1.2.1.2.1,1,video,74,,0,False,True
2,2025-06-14 20:54:57.886510,chapter_1.1.2.1.2.2,2,practice,41,35.92543142718953,3,True,False
2,2025-06-21 20:54:57.886510,chapter_1.1.2.1.2.2,2,practice,99,38.83688255271012,3,True,False
2,2025-06-14 20:54:57.886510,chapter_1.1.2.1.2.3,3,quiz,61,31.007514239573283,3,True,False
3,2025-07-08 20:54:57.886510,chapter_1.1.1.1.1.1,1,video,16,,0,False,True
3,2025-06-16 20:54:57.886510,chapter_1.1.1.1.1.2,2,practice,26,49.5607147883523,1,True,False
3,2025-07-09 20:54:57.886510,chapter_1.1.1.1.1.2,2,practice,29,47.48741945208892,2,True,False
3,2025-06-27 20:54:57.886510,chapter_1.1.1.1.1.3,3,quiz,60,47.90168793802143,3,True,False
3,2025-06-21 20:54:57.886510,chapter_1.1.1.1.1.3,3,quiz,30,48.415827162795274,1,True,False
3,2025-06-21 20:54:57.886510,chapter_1.1.1.1.1.4,4,project,49,27.296367747288425,2,True,False
3,2025-06-27 20:54:57.886510,chapter_1.1.2.1.2.1,1,video,47,,0,False,True
3,2025-06-17 20:54:57.886510,chapter_1.1.2.1.2.2,2,practice,34,46.428660053859566,2,True,False
3,2025-06-16 20:54:57.886510,chapter_1.1.2.1.2.3,3,quiz,43,45.64197315562545,1,True,False
3,2025-06-24 20:54:57.886510,chapter_1.1.2.1.2.4,4,project,115,32.56104033031076,1,True,False
4,2025-07-13 20:54:57.886510,chapter_1.1.1.1.1.1,1,video,21,,0,False,True
4,2025-07-04 20:54:57.886510,chapter_1.1.1.1.1.2,2,practice,32,60.513017542862606,1,True,True
4,2025-07-11 20:54:57.886510,chapter_1.1.1.1.1.3,3,quiz,28,53.73792397624006,3,True,False
4,2025-06-18 20:54:57.886510,chapter_1.1.1.1.1.4,4,project,36,64.14613531372852,1,True,True
4,2025-07-14 20:54:57.886510,chapter_1.1.2.1.2.1,1,video,23,,0,False,True
4,2025-06-27 20:54:57.886510,chapter_1.1.2.1.2.2,2,practice,65,59.44542897434198,3,True,False
4,2025-06-16 20:54:57.886510,chapter_1.1.2.1.2.3,3,quiz,24,55.152271347619866,1,True,False
4,2025-06-20 20:54:57.886510,chapter_1.1.2.1.2.3,3,quiz,42,60.56377130445578,1,True,True
4,2025-06-24 20:54:57.886510,chapter_1.1.2.1.2.4,4,project,67,47.4608273912308,3,True,False
5,2025-07-10 20:54:57.886510,chapter_1.1.1.1.1.1,1,video,16,,0,False,True
5,2025-06-26 20:54:57.886510,chapter_1.1.1.1.1.2,2,practice,18,70.36899187351177,2,True,True
6,2025-06-22 20:54:57.886510,chapter_1.1.1.1.1.1,1,video,10,,0,False,True
6,2025-06-18 20:54:57.886510,chapter_1.1.1.1.1.2,2,practice,33,67.78872758239099,2,True,True
6,2025-06-24 20:54:57.886510,chapter_1.1.1.1.1.3,3,quiz,47,73.28779759327502,3,True,True
6,2025-06-28 20:54:57.886510,chapter_1.1.1.1.1.4,4,project,67,57.881026639944366,1,True,False
6,2025-06-30 20:54:57.886510,chapter_1.1.1.1.1.4,4,project,53,62.46330756118575,1,True,True
7,2025-07-12 20:54:57.886510,chapter_1.1.1.1.1.1,1,video,59,,0,False,True
7,2025-06-28 20:54:57.886510,chapter_1.1.1.1.1.2,2,practice,41,20.14755440779567,1,True,False
7,2025-06-30 20:54:57.886510,chapter_1.1.1.1.1.3,3,quiz,92,18.738337301761437,2,True,False
7,2025-07-07 20:54:57.886510,chapter_1.1.1.1.1.4,4,project,108,17.029372513322794,1,True,False
7,2025-07-09 20:54:57.886510,chapter_1.1.2.1.2.1,1,video,31,,0,False,True
7,2025-07-13 20:54:57.886510,chapter_1.1.2.1.2.1,1,video,71,,0,False,True
7,2025-07-07 20:54:57.886510,chapter_1.1.2.1.2.2,2,practice,55,31.7276682327255,2,True,False
7,2025-06-26 20:54:57.886510,chapter_1.1.2.1.2.3,3,quiz,61,14.153215896355462,1,True,False
7,2025-07-01 20:54:57.886510,chapter_1.1.2.1.2.4,4,project,73,19.35011932858704,2,True,False
7,2025-06-25 20:54:57.886510,chapter_1.1.2.1.2.4,4,project,97,23.331906716526614,1,True,False
7,2025-06-18 20:54:57.886510,chapter_1.1.2.1.2.4,4,project,219,27.188047486350083,2,True,False
7,2025-06-24 20:54:57.886510,chapter_1.1.2.1.2.4,4,project,142,14.836128741541705,3,True,False
8,2025-06-17 20:54:57.886510,chapter_1.1.1.1.1.1,1,video,20,,0,False,True
8,2025-06-15 20:54:57.886510,chapter_1.1.1.1.1.2,2,practice,24,95.44600491367162,1,True,True
8,2025-06-23 20:54:57.886510,chapter_1.1.1.1.1.3,3,quiz,19,83.16028071638794,3,True,True
8,2025-07-13 20:54:57.886510,chapter_1.1.1.1.1.3,3,quiz,16,77.10598419019973,3,True,True
8,2025-07-09 20:54:57.886510,chapter_1.1.1.1.1.4,4,project,41,83.05818978220705,1,True,True
8,2025-07-13 20:54:57.886510,chapter_1.1.2.1.2.1,1,video,22,,0,False,True
8,2025-07-05 20:54:57.886510,chapter_1.1.2.1.2.2,2,practice,24,92.93129322982018,2,True,True
8,2025-07-04 20:54:57.886510,chapter_1.1.2.1.2.3,3,quiz,23,75.71352211855516,3,True,True
8,2025-07-12 20:54:57.886510,chapter_1.1.2.1.2.4,4,project,30,76.9672570877758,2,True,True
9,2025-07-14 20:54:57.886510,chapter_1.1.1.1.1.1,1,video,8,,0,False,True
9,2025-07-09 20:54:57.886510,chapter_1.1.1.1.1.2,2,practice,37,53.929961452975526,2,True,False
9,2025-06-25 20:54:57.886510,chapter_1.1.1.1.1.3,3,quiz,48,58.02290410596792,1,True,False
9,2025-07-07 20:54:57.886510,chapter_1.1.1.1.1.4,4,project,75,43.85675001123064,2,True,False
9,2025-06-25 20:54:57.886510,chapter_1.1.1.1.1.4,4,project,76,59.68038924016125,1,True,False
9,2025-06-14 20:54:57.886510,chapter_1.1.2.1.2.1,1,video,21,,0,False,True
9,2025-06-20 20:54:57.886510,chapter_1.1.2.1.2.2,2,practice,35,67.0161356958974,2,True,True
9,2025-06-24 20:54:57.886510,chapter_1.1.2.1.2.3,3,quiz,21,53.355588109011876,1,True,False
9,2025-07-14 20:54:57.886510,chapter_1.1.2.1.2.3,3,quiz,35,59.66957731272269,3,True,False
9,2025-06-23 20:54:57.886510,chapter_1.1.2.1.2.4,4,project,60,53.16786835724805,1,True,False
9,2025-06-20 20:54:57.886510,chapter_1.1.2.1.2.4,4,project,110,48.78992714715559,2,True,False
10,2025-06-25 20:54:57.886510,chapter_1.1.1.1.1.1,1,video,59,,0,False,True
10,2025-07-12 20:54:57.886510,chapter_1.1.1.1.1.2,2,practice,96,26.718467329763698,1,True,False
10,2025-06-18 20:54:57.886510,chapter_1.1.1.1.1.3,3,quiz,40,18.421286986906193,1,True,False
10,2025-07-14 20:54:57.886510,chapter_1.1.1.1.1.3,3,quiz,40,19.890747133612415,1,True,False
10,2025-06-21 20:54:57.886510,chapter_1.1.1.1.1.3,3,quiz,112,22.716265216807933,1,True,False
10,2025-06-17 20:54:57.886510,chapter_1.1.1.1.1.3,3,quiz,84,14.637292295680346,1,True,False
11,2025-06-19 20:54:57.886510,chapter_1.1.1.1.1.1,1,video,27,,0,False,True
11,2025-07-04 20:54:57.886510,chapter_1.1.1.1.1.2,2,practice,44,43.341640748700414,1,True,False
11,2025-07-03 20:54:57.886510,chapter_1.1.1.1.1.2,2,practice,40,50.77138340865535,3,True,False
11,2025-06-17 20:54:57.886510,chapter_1.1.1.1.1.3,3,quiz,24,48.10189074778241,2,True,False
11,2025-07-07 20:54:57.886510,chapter_1.1.1.1.1.4,4,project,117,28.217079340399323,1,True,False
11,2025-07-04 20:54:57.886510,chapter_1.1.2.1.2.1,1,video,56,,0,False,True
11,2025-06-28 20:54:57.886510,chapter_1.1.2.1.2.2,2,practice,51,40.93947561922206,2,True,False
11,2025-07-10 20:54:57.886510,chapter_1.1.2.1.2.2,2,practice,66,49.53189491694237,2,True,False
11,2025-06-17 20:54:57.886510,chapter_1.1.2.1.2.3,3,quiz,26,37.31132192866697,2,True,False
11,2025-06-21 20:54:57.886510,chapter_1.1.2.1.2.3,3,quiz,65,45.42248981203507,2,True,False
11,2025-06-14 20:54:57.886510,chapter_1.1.2.1.2.3,3,quiz,43,49.90831890028821,2,True,False
11,2025-06-25 20:54:57.886510,chapter_1.1.2.1.2.4,4,project,96,31.477966937283817,2,True,False
11,2025-07-02 20:54:57.886510,chapter_1.1.2.1.2.4,4,project,54,36.94477214436634,1,True,False
12,2025-07-12 20:54:57.886510,chapter_1.1.1.1.1.1,1,video,9,,0,False,True
12,2025-06-14 20:54:57.886510,chapter_1.1.1.1.1.2,2,practice,45,57.739666304879506,1,True,False
12,2025-06-25 20:54:57.886510,chapter_1.1.1.1.1.3,3,quiz,35,59.49034965526728,3,True,False
12,2025-07-03 20:54:57.886510,chapter_1.1.1.1.1.4,4,project,45,51.23749703085369,2,True,False
12,2025-06-15 20:54:57.886510,chapter_1.1.2.1.2.1,1,video,17,,0,False,True
12,2025-06-26 20:54:57.886510,chapter_1.1.2.1.2.2,2,practice,74,66.0922062528861,1,True,True
12,2025-07-01 20:54:57.886510,chapter_1.1.2.1.2.3,3,quiz,29,62.34715639425846,2,True,True
12,2025-06-20 20:54:57.886510,chapter_1.1.2.1.2.3,3,quiz,18,56.5581937033035,2,True,False
12,2025-06-30 20:54:57.886510,chapter_1.1.2.1.2.4,4,project,115,49.0499890351759,3,True,False
12,2025-07-06 20:54:57.886510,chapter_1.1.2.1.2.4,4,project,119,40.97983713223013,2,True,False
12,2025-06-17 20:54:57.886510,chapter_1.1.2.1.2.4,4,project,44,42.985014136480814,1,True,False
13,2025-07-09 20:54:57.886510,chapter_1.1.1.1.1.1,1,video,6,,0,False,True
13,2025-06-29 20:54:57.886510,chapter_1.1.1.1.1.2,2,practice,31,77.81073560887685,3,True,True
13,2025-07-02 20:54:57.886510,chapter_1.1.1.1.1.3,3,quiz,24,60.9431304348182,3,True,True
13,2025-07-13 20:54:57.886510,chapter_1.1.1.1.1.4,4,project,24,71.30771751863713,3,True,True
13,2025-06-24 20:54:57.886510,chapter_1.1.2.1.2.1,1,video,27,,0,False,True
13,2025-07-01 20:54:57.886510,chapter_1.1.2.1.2.1,1,video,25,,0,False,True
13,2025-07-09 20:54:57.886510,chapter_1.1.2.1.2.2,2,practice,39,66.53116999784821,2,True,True
13,2025-07-14 20:54:57.886510,chapter_1.1.2.1.2.3,3,quiz,37,71.25231273846022,1,True,True
13,2025-06-29 20:54:57.886510,chapter_1.1.2.1.2.4,4,project,99,65.06643047460767,2,True,True
14,2025-07-13 20:54:57.886510,chapter_1.1.1.1.1.1,1,video,32,,0,False,True
14,2025-06-29 20:54:57.886510,chapter_1.1.1.1.1.1,1,video,29,,0,False,True
14,2025-07-02 20:54:57.886510,chapter_1.1.1.1.1.2,2,practice,49,54.60710898943095,2,True,False
14,2025-06-23 20:54:57.886510,chapter_1.1.1.1.1.3,3,quiz,32,49.85310238638225,3,True,False
14,2025-06-21 20:54:57.886510,chapter_1.1.1.1.1.3,3,quiz,25,51.19301459724042,3,True,False
14,2025-06-26 20:54:57.886510,chapter_1.1.1.1.1.4,4,project,34,49.31366661295644,1,True,False
14,2025-06-20 20:54:57.886510,chapter_1.1.1.1.1.4,4,project,43,39.954843124928914,1,True,False
15,2025-07-14 20:54:57.886510,chapter_1.1.1.1.1.1,1,video,20,,0,False,True
15,2025-06-19 20:54:57.886510,chapter_1.1.1.1.1.2,2,practice,31,86.83982391866738,2,True,True
15,2025-06-16 20:54:57.886510,chapter_1.1.1.1.1.3,3,quiz,32,85.39712512177098,1,True,True
15,2025-07-08 20:54:57.886510,chapter_1.1.1.1.1.4,4,project,50,81.25045259865976,2,True,True
15,2025-07-14 20:54:57.886510,chapter_1.1.2.1.2.1,1,video,23,,0,False,True
15,2025-07-03 20:54:57.886510,chapter_1.1.2.1.2.2,2,practice,47,85.38402607247649,1,True,True
15,2025-06-21 20:54:57.886510,chapter_1.1.2.1.2.3,3,quiz,14,81.32742918549664,1,True,True
15,2025-06-24 20:54:57.886510,chapter_1.1.2.1.2.4,4,project,29,82.5772643771639,3,True,True
16,2025-07-03 20:54:57.886510,chapter_1.1.1.1.1.1,1,video,21,,0,False,True
16,2025-06-29 20:54:57.886510,chapter_1.1.1.1.1.2,2,practice,21,73.09591413861789,1,True,True
16,2025-06-30 20:54:57.886510,chapter_1.1.1.1.1.3,3,quiz,55,63.39024650286365,1,True,True
17,2025-06-22 20:54:57.886510,chapter_1.1.1.1.1.1,1,video,24,,0,False,True
17,2025-07-14 20:54:57.886510,chapter_1.1.1.1.1.2,2,practice,47,38.4641085544341,3,True,False
17,2025-07-09 20:54:57.886510,chapter_1.1.1.1.1.2,2,practice,70,38.38740001405621,2,True,False
17,2025-06-27 20:54:57.886510,chapter_1.1.1.1.1.3,3,quiz,62,28.82447466701948,1,True,False
17,2025-06-18 20:54:57.886510,chapter_1.1.1.1.1.3,3,quiz,64,23.099707956711633,1,True,False
18,2025-07-05 20:54:57.886510,chapter_1.1.1.1.1.1,1,video,13,,0,False,True
18,2025-07-11 20:54:57.886510,chapter_1.1.1.1.1.1,1,video,15,,0,False,True
18,2025-06-14 20:54:57.886510,chapter_1.1.1.1.1.2,2,practice,38,47.78800296678575,3,True,False
18,2025-06-15 20:54:57.886510,chapter_1.1.1.1.1.3,3,quiz,22,33.66021424899143,1,True,False
18,2025-07-02 20:54:57.886510,chapter_1.1.1.1.1.3,3,quiz,63,44.25943465249259,3,True,False
18,2025-07-14 20:54:57.886510,chapter_1.1.1.1.1.4,4,project,77,42.89320196796527,3,True,False
18,2025-07-09 20:54:57.886510,chapter_1.1.1.1.1.4,4,project,46,38.83074257725486,3,True,False
18,2025-06-18 20:54:57.886510,chapter_1.1.1.1.1.4,4,project,82,28.46255727529954,1,True,False
18,2025-06-18 20:54:57.886510,chapter_1.1.1.1.1.4,4,project,105,26.692405825282325,2,True,False
19,2025-07-04 20:54:57.886510,chapter_1.1.1.1.1.1,1,video,34,,0,False,True
19,2025-07-01 20:54:57.886510,chapter_1.1.1.1.1.2,2,practice,57,33.797654793494615,1,True,False
19,2025-06-20 20:54:57.886510,chapter_1.1.1.1.1.3,3,quiz,61,27.412803584266786,1,True,False
19,2025-07-01 20:54:57.886510,chapter_1.1.1.1.1.3,3,quiz,59,23.384552467438265,3,True,False
19,2025-07-02 20:54:57.886510,chapter_1.1.1.1.1.3,3,quiz,57,33.270934593938094,3,True,False
19,2025-07-04 20:54:57.886510,chapter_1.1.1.1.1.3,3,quiz,38,30.06132858458701,1,True,False
19,2025-06-19 20:54:57.886510,chapter_1.1.1.1.1.4,4,project,58,20.46407716373336,2,True,False
19,2025-07-06 20:54:57.886510,chapter_1.1.1.1.1.4,4,project,58,34.58906159981255,3,True,False
19,2025-07-06 20:54:57.886510,chapter_1.1.2.1.2.1,1,video,34,,0,False,True
19,2025-07-05 20:54:57.886510,chapter_1.1.2.1.2.2,2,practice,100,32.38753996270134,1,True,False
19,2025-07-14 20:54:57.886510,chapter_1.1.2.1.2.3,3,quiz,81,33.034922789083396,2,True,False
19,2025-07-03 20:54:57.886510,chapter_1.1.2.1.2.4,4,project,189,23.801145368306365,1,True,False
20,2025-06-29 20:54:57.886510,chapter_1.1.1.1.1.1,1,video,16,,0,False,True
20,2025-06-25 20:54:57.886510,chapter_1.1.1.1.1.1,1,video,9,,0,False,True
20,2025-07-05 20:54:57.886510,chapter_1.1.1.1.1.2,2,practice,28,80.52218661853573,3,True,True
20,2025-06-20 20:54:57.886510,chapter_1.1.1.1.1.3,3,quiz,28,64.0911544138488,1,True,True
20,2025-06-14 20:54:57.886510,chapter_1.1.1.1.1.4,4,project,24,64.2602069402526,1,True,True
20,2025-06-27 20:54:57.886510,chapter_1.1.2.1.2.1,1,video,26,,0,False,True
20,2025-07-08 20:54:57.886510,chapter_1.1.2.1.2.2,2,practice,36,79.50315112981666,3,True,True
20,2025-07-07 20:54:57.886510,chapter_1.1.2.1.2.3,3,quiz,33,68.06253010491531,1,True,True
20,2025-07-08 20:54:57.886510,chapter_1.1.2.1.2.4,4,project,69,60.62455179727501,1,True,True
21,2025-07-03 20:54:57.886510,chapter_1.1.1.1.1.1,1,video,11,,0,False,True
21,2025-06-22 20:54:57.886510,chapter_1.1.1.1.1.2,2,practice,24,96.92312442023797,1,True,True
21,2025-06-18 20:54:57.886510,chapter_1.1.1.1.1.3,3,quiz,41,86.3299197700829,1,True,True
22,2025-06-18 20:54:57.886510,chapter_1.1.1.1.1.1,1,video,19,,0,False,True
22,2025-06-21 20:54:57.886510,chapter_1.1.1.1.1.2,2,practice,14,100.0,3,True,True
22,2025-07-07 20:54:57.886510,chapter_1.1.1.1.1.2,2,practice,16,94.66836567960539,2,True,True
22,2025-06-19 20:54:57.886510,chapter_1.1.1.1.1.3,3,quiz,22,79.03239573935753,1,True,True
23,2025-06-21 20:54:57.886510,chapter_1.1.1.1.1.1,1,video,11,,0,False,True
23,2025-06-26 20:54:57.886510,chapter_1.1.1.1.1.2,2,practice,16,59.422770842361274,1,True,False
23,2025-06-21 20:54:57.886510,chapter_1.1.1.1.1.3,3,quiz,32,62.56318718843536,3,True,True
23,2025-07-13 20:54:57.886510,chapter_1.1.1.1.1.4,4,project,43,46.900610713600344,2,True,False
23,2025-06-27 20:54:57.886510,chapter_1.1.2.1.2.1,1,video,40,,0,False,True
23,2025-07-01 20:54:57.886510,chapter_1.1.2.1.2.2,2,practice,60,69.43225994365416,1,True,True
23,2025-06-20 20:54:57.886510,chapter_1.1.2.1.2.3,3,quiz,22,65.47706959100469,2,True,True
23,2025-06-19 20:54:57.886510,chapter_1.1.2.1.2.4,4,project,110,52.282765365726775,3,True,False
24,2025-07-04 20:54:57.886510,chapter_1.1.1.1.1.1,1,video,21,,0,False,True
24,2025-06-14 20:54:57.886510,chapter_1.1.1.1.1.2,2,practice,19,87.2181275133733,2,True,True
24,2025-06-27 20:54:57.886510,chapter_1.1.1.1.1.3,3,quiz,12,79.73007211365957,3,True,True
24,2025-06-19 20:54:57.886510,chapter_1.1.1.1.1.4,4,project,68,65.76060494699311,1,True,True
24,2025-06-15 20:54:57.886510,chapter_1.1.2.1.2.1,1,video,14,,0,False,True
24,2025-06-30 20:54:57.886510,chapter_1.1.2.1.2.2,2,practice,42,71.94078353149877,2,True,True
24,2025-07-05 20:54:57.886510,chapter_1.1.2.1.2.3,3,quiz,17,66.90818296648115,2,True,True
24,2025-06-24 20:54:57.886510,chapter_1.1.2.1.2.4,4,project,90,78.20296988909988,2,True,True
25,2025-06-19 20:54:57.886510,chapter_1.1.1.1.1.1,1,video,8,,0,False,True
25,2025-06-22 20:54:57.886510,chapter_1.1.1.1.1.2,2,practice,20,58.83503702575567,3,True,False
25,2025-06-27 20:54:57.886510,chapter_1.1.1.1.1.3,3,quiz,37,48.725498898228345,2,True,False
25,2025-07-10 20:54:57.886510,chapter_1.1.1.1.1.4,4,project,29,47.16902765445802,1,True,False
25,2025-06-17 20:54:57.886510,chapter_1.1.2.1.2.1,1,video,18,,0,False,True
25,2025-06-28 20:54:57.886510,chapter_1.1.2.1.2.2,2,practice,71,53.172948793329425,1,True,False
25,2025-06-25 20:54:57.886510,chapter_1.1.2.1.2.2,2,practice,20,53.763855072775335,1,True,False
25,2025-06-27 20:54:57.886510,chapter_1.1.2.1.2.3,3,quiz,20,41.674914135082176,3,True,False
25,2025-06-23 20:54:57.886510,chapter_1.1.2.1.2.4,4,project,72,41.54916479745431,2,True,False
25,2025-06-25 20:54:57.886510,chapter_1.1.2.1.2.4,4,project,53,44.455580371944485,2,True,False
25,2025-06-21 20:54:57.886510,chapter_1.1.2.1.2.4,4,project,128,44.06583238861603,1,True,False
26,2025-06-25 20:54:57.886510,chapter_1.1.1.1.1.1,1,video,20,,0,False,True
26,2025-07-14 20:54:57.886510,chapter_1.1.1.1.1.1,1,video,9,,0,False,True
26,2025-07-06 20:54:57.886510,chapter_1.1.1.1.1.2,2,practice,45,51.83305908534208,3,True,False
26,2025-07-02 20:54:57.886510,chapter_1.1.1.1.1.2,2,practice,24,57.34756633068551,1,True,False
26,2025-07-05 20:54:57.886510,chapter_1.1.1.1.1.3,3,quiz,62,52.439952798325024,3,True,False
26,2025-07-06 20:54:57.886510,chapter_1.1.1.1.1.4,4,project,40,40.9236510813077,3,True,False
26,2025-07-12 20:54:57.886510,chapter_1.1.1.1.1.4,4,project,48,49.54025220869464,1,True,False
26,2025-07-07 20:54:57.886510,chapter_1.1.2.1.2.1,1,video,38,,0,False,True
26,2025-07-07 20:54:57.886510,chapter_1.1.2.1.2.1,1,video,50,,0,False,True
26,2025-06-30 20:54:57.886510,chapter_1.1.2.1.2.2,2,practice,45,46.69263323390345,2,True,False
26,2025-06-23 20:54:57.886510,chapter_1.1.2.1.2.2,2,practice,84,50.16509550175115,2,True,False
26,2025-07-09 20:54:57.886510,chapter_1.1.2.1.2.2,2,practice,68,48.32437625625733,2,True,False
26,2025-06-22 20:54:57.886510,chapter_1.1.2.1.2.3,3,quiz,58,37.15281825191707,1,True,False
26,2025-06-22 20:54:57.886510,chapter_1.1.2.1.2.4,4,project,132,43.3280705832586,1,True,False
27,2025-06-27 20:54:57.886510,chapter_1.1.1.1.1.1,1,video,19,,0,False,True
27,2025-07-07 20:54:57.886510,chapter_1.1.1.1.1.2,2,practice,20,78.0324409023017,2,True,True
27,2025-06-17 20:54:57.886510,chapter_1.1.1.1.1.3,3,quiz,16,68.12721099608409,1,True,True
27,2025-06-15 20:54:57.886510,chapter_1.1.1.1.1.4,4,project,37,54.86439818802735,2,True,False
27,2025-07-08 20:54:57.886510,chapter_1.1.2.1.2.1,1,video,27,,0,False,True
28,2025-06-30 20:54:57.886510,chapter_1.1.1.1.1.1,1,video,17,,0,False,True
28,2025-07-11 20:54:57.886510,chapter_1.1.1.1.1.2,2,practice,19,66.1608918407675,2,True,True
28,2025-06-23 20:54:57.886510,chapter_1.1.1.1.1.3,3,quiz,19,62.95367336770796,1,True,True
28,2025-06-20 20:54:57.886510,chapter_1.1.1.1.1.3,3,quiz,55,60.270750828488666,2,True,True
28,2025-06-19 20:54:57.886510,chapter_1.1.1.1.1.4,4,project,75,54.34200111179982,3,True,False
28,2025-07-03 20:54:57.886510,chapter_1.1.2.1.2.1,1,video,36,,0,False,True
28,2025-06-26 20:54:57.886510,chapter_1.1.2.1.2.2,2,practice,51,65.47092526464381,1,True,True
28,2025-06-24 20:54:57.886510,chapter_1.1.2.1.2.3,3,quiz,61,57.0548907252117,3,True,False
28,2025-06-28 20:54:57.886510,chapter_1.1.2.1.2.4,4,project,54,46.00873018277764,3,True,False
28,2025-07-01 20:54:57.886510,chapter_1.1.2.1.2.4,4,project,81,46.45211847157834,3,True,False
28,2025-07-11 20:54:57.886510,chapter_1.1.2.1.2.4,4,project,54,47.63414005002875,1,True,False
28,2025-06-17 20:54:57.886510,chapter_1.1.2.1.2.4,4,project,134,48.92065611507293,2,True,False
29,2025-06-17 20:54:57.886510,chapter_1.1.1.1.1.1,1,video,9,,0,False,True
29,2025-07-13 20:54:57.886510,chapter_1.1.1.1.1.2,2,practice,26,60.09559477631024,1,True,True
29,2025-07-13 20:54:57.886510,chapter_1.1.1.1.1.3,3,quiz,39,55.98338588124493,1,True,False
29,2025-07-05 20:54:57.886510,chapter_1.1.1.1.1.3,3,quiz,64,48.51105314382238,2,True,False
29,2025-06-17 20:54:57.886510,chapter_1.1.1.1.1.4,4,project,59,48.14325445160907,2,True,False
29,2025-06-28 20:54:57.886510,chapter_1.1.2.1.2.1,1,video,46,,0,False,True
29,2025-06-24 20:54:57.886510,chapter_1.1.2.1.2.1,1,video,40,,0,False,True
29,2025-06-19 20:54:57.886510,chapter_1.1.2.1.2.2,2,practice,72,59.760690452836684,3,True,False
29,2025-06-14 20:54:57.886510,chapter_1.1.2.1.2.3,3,quiz,67,41.8573353661473,3,True,False
29,2025-06-18 20:54:57.886510,chapter_1.1.2.1.2.4,4,project,114,49.32353819256389,3,True,False
29,2025-06-21 20:54:57.886510,chapter_1.1.2.1.2.4,4,project,46,46.69773639165885,3,True,False
29,2025-06-20 20:54:57.886510,chapter_1.1.2.1.2.4,4,project,99,46.314692126347744,2,True,False
30,2025-06-17 20:54:57.887511,chapter_1.1.1.1.1.1,1,video,17,,0,False,True
30,2025-07-13 20:54:57.887511,chapter_1.1.1.1.1.2,2,practice,33,88.1134823766278,2,True,True
30,2025-07-06 20:54:57.887511,chapter_1.1.1.1.1.3,3,quiz,27,83.58565452279602,1,True,True
30,2025-06-20 20:54:57.887511,chapter_1.1.1.1.1.4,4,project,23,71.98536702514015,3,True,True
30,2025-07-12 20:54:57.887511,chapter_1.1.2.1.2.1,1,video,9,,0,False,True
30,2025-06-22 20:54:57.887511,chapter_1.1.2.1.2.2,2,practice,47,84.51662234547203,1,True,True
30,2025-06-15 20:54:57.887511,chapter_1.1.2.1.2.3,3,quiz,33,82.72044179235692,2,True,True
30,2025-07-11 20:54:57.887511,chapter_1.1.2.1.2.4,4,project,62,79.57713333879352,1,True,True
31,2025-06-16 20:54:57.887511,chapter_1.1.1.1.1.1,1,video,35,,0,False,True
31,2025-07-07 20:54:57.887511,chapter_1.1.1.1.1.1,1,video,29,,0,False,True
31,2025-07-08 20:54:57.887511,chapter_1.1.1.1.1.1,1,video,14,,0,False,True
31,2025-06-28 20:54:57.887511,chapter_1.1.1.1.1.2,2,practice,46,38.33618713592988,2,True,False
31,2025-07-05 20:54:57.887511,chapter_1.1.1.1.1.3,3,quiz,77,28.580838858403062,1,True,False
31,2025-06-23 20:54:57.887511,chapter_1.1.1.1.1.3,3,quiz,25,35.51626900639975,1,True,False
32,2025-07-01 20:54:57.887511,chapter_1.1.1.1.1.1,1,video,14,,0,False,True
32,2025-07-05 20:54:57.887511,chapter_1.1.1.1.1.2,2,practice,21,41.11910114974687,3,True,False
32,2025-06-23 20:54:57.887511,chapter_1.1.1.1.1.3,3,quiz,22,51.30224428127566,1,True,False
32,2025-06-24 20:54:57.887511,chapter_1.1.1.1.1.3,3,quiz,49,37.770167831175605,3,True,False
32,2025-06-19 20:54:57.887511,chapter_1.1.1.1.1.3,3,quiz,33,53.25745322567516,3,True,False
32,2025-06-19 20:54:57.887511,chapter_1.1.1.1.1.4,4,project,38,34.855670558797854,3,True,False
32,2025-07-04 20:54:57.887511,chapter_1.1.2.1.2.1,1,video,24,,0,False,True
32,2025-06-19 20:54:57.887511,chapter_1.1.2.1.2.1,1,video,31,,0,False,True
32,2025-06-29 20:54:57.887511,chapter_1.1.2.1.2.2,2,practice,32,59.12161577455363,2,True,False
32,2025-07-08 20:54:57.887511,chapter_1.1.2.1.2.3,3,quiz,59,37.93732704585223,1,True,False
33,2025-07-03 20:54:57.887511,chapter_1.1.1.1.1.1,1,video,33,,0,False,True
33,2025-07-14 20:54:57.887511,chapter_1.1.1.1.1.2,2,practice,57,28.886821084325508,2,True,False
33,2025-07-10 20:54:57.887511,chapter_1.1.1.1.1.3,3,quiz,73,19.42798372826421,1,True,False
33,2025-06-19 20:54:57.887511,chapter_1.1.1.1.1.4,4,project,90,25.875217715473198,3,True,False
33,2025-06-16 20:54:57.887511,chapter_1.1.1.1.1.4,4,project,168,20.047367621049368,1,True,False
33,2025-06-15 20:54:57.887511,chapter_1.1.1.1.1.4,4,project,163,23.601939185423245,1,True,False
33,2025-06-27 20:54:57.887511,chapter_1.1.1.1.1.4,4,project,49,9.510807313045534,1,True,False
33,2025-07-04 20:54:57.887511,chapter_1.1.1.1.1.4,4,project,78,13.647351601253177,1,True,False
33,2025-07-12 20:54:57.887511,chapter_1.1.2.1.2.1,1,video,83,,0,False,True
33,2025-07-01 20:54:57.887511,chapter_1.1.2.1.2.1,1,video,39,,0,False,True
33,2025-06-20 20:54:57.887511,chapter_1.1.2.1.2.1,1,video,32,,0,False,True
33,2025-06-25 20:54:57.887511,chapter_1.1.2.1.2.1,1,video,74,,0,False,True
33,2025-06-25 20:54:57.887511,chapter_1.1.2.1.2.1,1,video,75,,0,False,True
33,2025-07-14 20:54:57.887511,chapter_1.1.2.1.2.1,1,video,65,,0,False,True
33,2025-06-29 20:54:57.887511,chapter_1.1.2.1.2.2,2,practice,46,20.26001551109986,1,True,False
33,2025-07-12 20:54:57.887511,chapter_1.1.2.1.2.3,3,quiz,99,15.735614945983277,2,True,False
33,2025-06-23 20:54:57.887511,chapter_1.1.2.1.2.4,4,project,77,10.2292761458041,1,True,False
34,2025-06-30 20:54:57.887511,chapter_1.1.1.1.1.1,1,video,23,,0,False,True
34,2025-06-17 20:54:57.887511,chapter_1.1.1.1.1.2,2,practice,25,31.141394979631702,2,True,False
34,2025-07-08 20:54:57.887511,chapter_1.1.1.1.1.3,3,quiz,49,27.440440116186004,1,True,False
34,2025-06-27 20:54:57.887511,chapter_1.1.1.1.1.4,4,project,68,29.436474812781356,2,True,False
34,2025-07-08 20:54:57.887511,chapter_1.1.1.1.1.4,4,project,95,17.969530776610977,2,True,False
34,2025-06-28 20:54:57.887511,chapter_1.1.1.1.1.4,4,project,46,27.484527029278226,3,True,False
34,2025-06-18 20:54:57.887511,chapter_1.1.1.1.1.4,4,project,58,32.93247541664992,2,True,False
34,2025-06-23 20:54:57.887511,chapter_1.1.2.1.2.1,1,video,48,,0,False,True
34,2025-07-13 20:54:57.887511,chapter_1.1.2.1.2.2,2,practice,61,44.544785090474605,3,True,False
34,2025-06-19 20:54:57.887511,chapter_1.1.2.1.2.2,2,practice,56,40.26845717032334,2,True,False
34,2025-06-14 20:54:57.887511,chapter_1.1.2.1.2.2,2,practice,104,43.18262757612515,2,True,False
34,2025-06-15 20:54:57.887511,chapter_1.1.2.1.2.2,2,practice,60,45.42062456312055,3,True,False
34,2025-07-08 20:54:57.887511,chapter_1.1.2.1.2.3,3,quiz,41,23.30868835660725,1,True,False
34,2025-07-13 20:54:57.887511,chapter_1.1.2.1.2.4,4,project,95,19.494556605651105,2,True,False
34,2025-07-12 20:54:57.887511,chapter_1.1.2.1.2.4,4,project,124,18.05230622733042,3,True,False
35,2025-06-16 20:54:57.887511,chapter_1.1.1.1.1.1,1,video,21,,0,False,True
35,2025-07-05 20:54:57.887511,chapter_1.1.1.1.1.2,2,practice,34,67.3971805519285,2,True,True
35,2025-06-25 20:54:57.887511,chapter_1.1.1.1.1.3,3,quiz,60,64.4842526561078,2,True,True
35,2025-06-16 20:54:57.887511,chapter_1.1.1.1.1.3,3,quiz,44,55.51464568047636,1,True,False
36,2025-06-24 20:54:57.887511,chapter_1.1.1.1.1.1,1,video,26,,0,False,True
36,2025-06-18 20:54:57.887511,chapter_1.1.1.1.1.2,2,practice,62,32.010598280870695,1,True,False
36,2025-06-25 20:54:57.887511,chapter_1.1.1.1.1.2,2,practice,37,34.55606828161171,3,True,False
36,2025-06-29 20:54:57.887511,chapter_1.1.1.1.1.3,3,quiz,65,31.822715227749512,1,True,False
36,2025-06-16 20:54:57.887511,chapter_1.1.1.1.1.3,3,quiz,68,33.11817712849599,1,True,False
36,2025-06-19 20:54:57.887511,chapter_1.1.1.1.1.4,4,project,119,29.6927402720148,1,True,False
36,2025-06-26 20:54:57.887511,chapter_1.1.2.1.2.1,1,video,26,,0,False,True
36,2025-07-14 20:54:57.887511,chapter_1.1.2.1.2.2,2,practice,114,44.582914207086006,1,True,False
36,2025-07-06 20:54:57.887511,chapter_1.1.2.1.2.2,2,practice,61,34.08143093177676,3,True,False
37,2025-07-12 20:54:57.887511,chapter_1.1.1.1.1.1,1,video,22,,0,False,True
37,2025-06-30 20:54:57.887511,chapter_1.1.1.1.1.2,2,practice,18,60.65836973173415,2,True,True
37,2025-07-02 20:54:57.887511,chapter_1.1.1.1.1.3,3,quiz,43,47.10043360500521,1,True,False
37,2025-07-01 20:54:57.887511,chapter_1.1.1.1.1.4,4,project,34,47.920496691385445,1,True,False
37,2025-06-18 20:54:57.887511,chapter_1.1.2.1.2.1,1,video,25,,0,False,True
37,2025-06-18 20:54:57.887511,chapter_1.1.2.1.2.2,2,practice,63,66.00360349277796,3,True,True
37,2025-06-14 20:54:57.887511,chapter_1.1.2.1.2.2,2,practice,59,60.83058178974865,3,True,True
37,2025-07-11 20:54:57.887511,chapter_1.1.2.1.2.3,3,quiz,58,49.87893349589846,2,True,False
37,2025-07-04 20:54:57.887511,chapter_1.1.2.1.2.3,3,quiz,21,50.693572402345055,3,True,False
37,2025-06-24 20:54:57.887511,chapter_1.1.2.1.2.4,4,project,105,46.2779171411024,1,True,False
38,2025-06-24 20:54:57.887511,chapter_1.1.1.1.1.1,1,video,13,,0,False,True
38,2025-07-01 20:54:57.887511,chapter_1.1.1.1.1.2,2,practice,28,76.97224629050064,2,True,True
38,2025-06-26 20:54:57.887511,chapter_1.1.1.1.1.3,3,quiz,42,68.6085593728061,3,True,True
38,2025-07-13 20:54:57.887511,chapter_1.1.1.1.1.4,4,project,54,68.77608244631917,3,True,True
38,2025-07-11 20:54:57.887511,chapter_1.1.1.1.1.4,4,project,52,67.47741437875905,1,True,True
38,2025-06-17 20:54:57.887511,chapter_1.1.1.1.1.4,4,project,32,60.481526773871245,1,True,True
38,2025-07-05 20:54:57.887511,chapter_1.1.1.1.1.4,4,project,22,67.10230039989223,1,True,True
38,2025-06-26 20:54:57.887511,chapter_1.1.2.1.2.1,1,video,21,,0,False,True
38,2025-06-18 20:54:57.887511,chapter_1.1.2.1.2.2,2,practice,51,70.29794490128157,3,True,True
38,2025-06-19 20:54:57.887511,chapter_1.1.2.1.2.3,3,quiz,38,65.50563377575554,3,True,True
39,2025-06-27 20:54:57.887511,chapter_1.1.1.1.1.1,1,video,12,,0,False,True
39,2025-06-21 20:54:57.887511,chapter_1.1.1.1.1.1,1,video,10,,0,False,True
39,2025-06-23 20:54:57.887511,chapter_1.1.1.1.1.2,2,practice,19,91.42000512975912,2,True,True
39,2025-06-18 20:54:57.887511,chapter_1.1.1.1.1.3,3,quiz,14,82.44393091095279,1,True,True
39,2025-06-19 20:54:57.887511,chapter_1.1.1.1.1.4,4,project,38,76.20636287083937,3,True,True
39,2025-07-13 20:54:57.887511,chapter_1.1.2.1.2.1,1,video,26,,0,False,True
40,2025-06-17 20:54:57.887511,chapter_1.1.1.1.1.1,1,video,15,,0,False,True
40,2025-06-27 20:54:57.887511,chapter_1.1.1.1.1.1,1,video,19,,0,False,True
40,2025-06-26 20:54:57.887511,chapter_1.1.1.1.1.2,2,practice,59,32.39132558408264,1,True,False
40,2025-07-03 20:54:57.887511,chapter_1.1.1.1.1.2,2,practice,40,39.94153692547131,3,True,False
40,2025-06-30 20:54:57.887511,chapter_1.1.1.1.1.2,2,practice,51,30.14209900566017,1,True,False
40,2025-07-06 20:54:57.887511,chapter_1.1.1.1.1.2,2,practice,54,30.62920516256735,2,True,False
40,2025-06-15 20:54:57.887511,chapter_1.1.1.1.1.3,3,quiz,34,33.24431113438007,1,True,False
40,2025-07-07 20:54:57.887511,chapter_1.1.1.1.1.4,4,project,106,31.813682407343247,3,True,False
40,2025-07-14 20:54:57.887511,chapter_1.1.1.1.1.4,4,project,86,29.046480105756647,3,True,False
41,2025-06-18 20:54:57.887511,chapter_1.1.1.1.1.1,1,video,30,,0,False,True
41,2025-07-10 20:54:57.887511,chapter_1.1.1.1.1.2,2,practice,40,57.096100743571455,2,True,False
41,2025-06-15 20:54:57.887511,chapter_1.1.1.1.1.3,3,quiz,50,57.5865469769094,1,True,False
41,2025-07-13 20:54:57.887511,chapter_1.1.1.1.1.3,3,quiz,26,56.10775887370186,3,True,False
41,2025-07-11 20:54:57.887511,chapter_1.1.1.1.1.4,4,project,23,48.63418220414144,1,True,False
41,2025-07-09 20:54:57.887511,chapter_1.1.1.1.1.4,4,project,34,56.6005445440423,3,True,False
41,2025-06-14 20:54:57.887511,chapter_1.1.2.1.2.1,1,video,12,,0,False,True
41,2025-07-05 20:54:57.887511,chapter_1.1.2.1.2.2,2,practice,56,54.46204368131431,1,True,False
41,2025-07-02 20:54:57.887511,chapter_1.1.2.1.2.3,3,quiz,61,46.02594156816456,3,True,False
41,2025-07-09 20:54:57.887511,chapter_1.1.2.1.2.4,4,project,60,58.103551103715844,2,True,False
42,2025-06-26 20:54:57.887511,chapter_1.1.1.1.1.1,1,video,54,,0,False,True
42,2025-06-21 20:54:57.887511,chapter_1.1.1.1.1.1,1,video,58,,0,False,True
42,2025-06-29 20:54:57.887511,chapter_1.1.1.1.1.2,2,practice,60,27.745278006639396,1,True,False
42,2025-06-17 20:54:57.887511,chapter_1.1.1.1.1.3,3,quiz,67,16.899003525481067,1,True,False
42,2025-06-17 20:54:57.887511,chapter_1.1.1.1.1.4,4,project,135,23.050827257194854,2,True,False
42,2025-06-25 20:54:57.887511,chapter_1.1.1.1.1.4,4,project,141,24.806022302326443,1,True,False
43,2025-06-18 20:54:57.887511,chapter_1.1.1.1.1.1,1,video,19,,0,False,True
43,2025-07-06 20:54:57.887511,chapter_1.1.1.1.1.2,2,practice,24,73.8140537277212,3,True,True
43,2025-07-13 20:54:57.887511,chapter_1.1.1.1.1.3,3,quiz,38,80.01049545934231,1,True,True
43,2025-07-12 20:54:57.887511,chapter_1.1.1.1.1.4,4,project,17,77.83569797591443,2,True,True
43,2025-06-25 20:54:57.887511,chapter_1.1.2.1.2.1,1,video,22,,0,False,True
43,2025-06-22 20:54:57.887511,chapter_1.1.2.1.2.2,2,practice,17,92.40057558916104,3,True,True
43,2025-06-19 20:54:57.887511,chapter_1.1.2.1.2.3,3,quiz,15,88.27120690070925,1,True,True
43,2025-07-04 20:54:57.887511,chapter_1.1.2.1.2.3,3,quiz,19,80.61848848641417,3,True,True
43,2025-06-24 20:54:57.887511,chapter_1.1.2.1.2.3,3,quiz,21,83.68786856498146,2,True,True
44,2025-07-02 20:54:57.887511,chapter_1.1.1.1.1.1,1,video,32,,0,False,True
44,2025-07-05 20:54:57.887511,chapter_1.1.1.1.1.1,1,video,20,,0,False,True
45,2025-06-22 20:54:57.887511,chapter_1.1.1.1.1.1,1,video,17,,0,False,True
45,2025-07-14 20:54:57.887511,chapter_1.1.1.1.1.2,2,practice,14,49.89709573535897,1,True,False
45,2025-06-15 20:54:57.887511,chapter_1.1.1.1.1.3,3,quiz,20,60.91787873620166,3,True,True
45,2025-06-21 20:54:57.887511,chapter_1.1.1.1.1.3,3,quiz,31,52.23383955642434,3,True,False
45,2025-07-13 20:54:57.887511,chapter_1.1.1.1.1.3,3,quiz,33,48.66036937073137,3,True,False
45,2025-06-14 20:54:57.887511,chapter_1.1.1.1.1.4,4,project,56,41.313824512939966,2,True,False
45,2025-06-16 20:54:57.887511,chapter_1.1.2.1.2.1,1,video,16,,0,False,True
45,2025-06-24 20:54:57.887511,chapter_1.1.2.1.2.2,2,practice,42,62.85822635750992,3,True,True
45,2025-06-17 20:54:57.887511,chapter_1.1.2.1.2.3,3,quiz,31,58.85012920893344,3,True,False
45,2025-06-24 20:54:57.887511,chapter_1.1.2.1.2.4,4,project,90,43.00554871461678,1,True,False
46,2025-06-15 20:54:57.887511,chapter_1.1.1.1.1.1,1,video,20,,0,False,True
46,2025-07-12 20:54:57.887511,chapter_1.1.1.1.1.2,2,practice,27,63.57212461492851,2,True,True
46,2025-06-15 20:54:57.887511,chapter_1.1.1.1.1.2,2,practice,21,70.4713937753967,3,True,True
46,2025-06-19 20:54:57.887511,chapter_1.1.1.1.1.3,3,quiz,27,50.51142325408739,3,True,False
46,2025-06-27 20:54:57.887511,chapter_1.1.1.1.1.4,4,project,67,52.93537518078401,3,True,False
46,2025-07-09 20:54:57.887511,chapter_1.1.1.1.1.4,4,project,33,54.037275330226706,2,True,False
46,2025-07-05 20:54:57.887511,chapter_1.1.1.1.1.4,4,project,33,46.40803332460683,3,True,False
46,2025-06-16 20:54:57.887511,chapter_1.1.2.1.2.1,1,video,13,,0,False,True
46,2025-06-15 20:54:57.887511,chapter_1.1.2.1.2.1,1,video,35,,0,False,True
46,2025-07-05 20:54:57.887511,chapter_1.1.2.1.2.2,2,practice,41,59.846519200306695,1,True,False
47,2025-06-26 20:54:57.887511,chapter_1.1.1.1.1.1,1,video,19,,0,False,True
47,2025-06-24 20:54:57.887511,chapter_1.1.1.1.1.1,1,video,28,,0,False,True
47,2025-06-29 20:54:57.887511,chapter_1.1.1.1.1.2,2,practice,52,41.621699750575544,3,True,False
47,2025-07-11 20:54:57.887511,chapter_1.1.1.1.1.3,3,quiz,43,35.85478521640358,2,True,False
47,2025-07-07 20:54:57.887511,chapter_1.1.1.1.1.4,4,project,34,27.702325371900052,2,True,False
47,2025-07-07 20:54:57.887511,chapter_1.1.1.1.1.4,4,project,89,36.91237462635833,1,True,False
47,2025-07-01 20:54:57.887511,chapter_1.1.1.1.1.4,4,project,42,36.16090753938546,1,True,False
47,2025-06-29 20:54:57.887511,chapter_1.1.1.1.1.4,4,project,51,31.746315811853528,2,True,False
47,2025-06-21 20:54:57.887511,chapter_1.1.2.1.2.1,1,video,42,,0,False,True
47,2025-07-13 20:54:57.887511,chapter_1.1.2.1.2.2,2,practice,96,43.47898245335914,2,True,False
47,2025-06-16 20:54:57.887511,chapter_1.1.2.1.2.3,3,quiz,22,46.16575732598985,1,True,False
47,2025-07-02 20:54:57.887511,chapter_1.1.2.1.2.3,3,quiz,34,30.76027753689644,1,True,False
48,2025-06-14 20:54:57.887511,chapter_1.1.1.1.1.1,1,video,41,,0,False,True
48,2025-06-28 20:54:57.887511,chapter_1.1.1.1.1.2,2,practice,55,41.88916162113064,3,True,False
48,2025-07-08 20:54:57.887511,chapter_1.1.1.1.1.3,3,quiz,72,37.04040146514306,2,True,False
48,2025-06-21 20:54:57.887511,chapter_1.1.1.1.1.3,3,quiz,94,25.85225472176188,1,True,False
48,2025-06-28 20:54:57.887511,chapter_1.1.1.1.1.4,4,project,82,16.412109231267987,3,True,False
48,2025-07-10 20:54:57.887511,chapter_1.1.1.1.1.4,4,project,98,24.193858336833856,2,True,False
48,2025-07-13 20:54:57.887511,chapter_1.1.1.1.1.4,4,project,104,19.58865240310046,1,True,False
48,2025-06-21 20:54:57.887511,chapter_1.1.1.1.1.4,4,project,136,27.947095618808873,3,True,False
48,2025-07-01 20:54:57.887511,chapter_1.1.1.1.1.4,4,project,36,21.887477790045562,2,True,False
48,2025-07-14 20:54:57.887511,chapter_1.1.1.1.1.4,4,project,103,22.562252639904052,3,True,False
48,2025-06-18 20:54:57.887511,chapter_1.1.1.1.1.4,4,project,126,31.85385328660489,3,True,False
49,2025-07-03 20:54:57.887511,chapter_1.1.1.1.1.1,1,video,14,,0,False,True
49,2025-07-01 20:54:57.887511,chapter_1.1.1.1.1.2,2,practice,9,87.16134238324915,1,True,True
49,2025-06-15 20:54:57.887511,chapter_1.1.1.1.1.3,3,quiz,36,80.26434750272,2,True,True
50,2025-06-24 20:54:57.887511,chapter_1.1.1.1.1.1,1,video,12,,0,False,True
50,2025-06-18 20:54:57.887511,chapter_1.1.1.1.1.2,2,practice,22,86.64593663155752,2,True,True
50,2025-06-17 20:54:57.887511,chapter_1.1.1.1.1.3,3,quiz,35,80.41332851623415,2,True,True
50,2025-06-25 20:54:57.887511,chapter_1.1.1.1.1.4,4,project,66,67.01512376920728,2,True,True
50,2025-07-04 20:54:57.887511,chapter_1.1.2.1.2.1,1,video,12,,0,False,True
50,2025-07-11 20:54:57.887511,chapter_1.1.2.1.2.2,2,practice,44,76.05256766392668,3,True,True
50,2025-06-16 20:54:57.887511,chapter_1.1.2.1.2.3,3,quiz,18,79.19521039350833,1,True,True
50,2025-07-14 20:54:57.887511,chapter_1.1.2.1.2.4,4,project,58,75.34321528271771,2,True,True
51,2025-06-15 20:54:57.887511,chapter_1.1.1.1.1.1,1,video,16,,0,False,True
51,2025-06-26 20:54:57.887511,chapter_1.1.1.1.1.2,2,practice,15,45.817012814714225,1,True,False
51,2025-06-28 20:54:57.887511,chapter_1.1.1.1.1.3,3,quiz,24,37.04229883130056,2,True,False
51,2025-06-19 20:54:57.887511,chapter_1.1.1.1.1.4,4,project,72,31.51339974308857,1,True,False
51,2025-07-05 20:54:57.887511,chapter_1.1.2.1.2.1,1,video,52,,0,False,True
52,2025-06-15 20:54:57.887511,chapter_1.1.1.1.1.1,1,video,23,,0,False,True
52,2025-07-07 20:54:57.887511,chapter_1.1.1.1.1.2,2,practice,20,74.55812744241277,1,True,True
52,2025-07-03 20:54:57.887511,chapter_1.1.1.1.1.3,3,quiz,20,68.0994713123674,1,True,True
52,2025-07-04 20:54:57.887511,chapter_1.1.1.1.1.4,4,project,69,71.44947298146887,1,True,True
52,2025-06-25 20:54:57.887511,chapter_1.1.1.1.1.4,4,project,22,65.98048405016544,2,True,True
52,2025-06-22 20:54:57.887511,chapter_1.1.2.1.2.1,1,video,23,,0,False,True
52,2025-07-08 20:54:57.887511,chapter_1.1.2.1.2.2,2,practice,63,82.3871788128133,2,True,True
52,2025-06-18 20:54:57.887511,chapter_1.1.2.1.2.3,3,quiz,21,67.89560090241284,3,True,True
53,2025-06-21 20:54:57.887511,chapter_1.1.1.1.1.1,1,video,16,,0,False,True
53,2025-07-13 20:54:57.887511,chapter_1.1.1.1.1.2,2,practice,21,57.939476557776445,1,True,False
53,2025-06-26 20:54:57.887511,chapter_1.1.1.1.1.3,3,quiz,64,56.943802457502144,2,True,False
53,2025-06-26 20:54:57.887511,chapter_1.1.1.1.1.4,4,project,43,39.98296401539361,2,True,False
53,2025-06-20 20:54:57.887511,chapter_1.1.1.1.1.4,4,project,26,42.342891559021616,2,True,False
53,2025-06-15 20:54:57.887511,chapter_1.1.2.1.2.1,1,video,37,,0,False,True
53,2025-07-03 20:54:57.887511,chapter_1.1.2.1.2.2,2,practice,83,47.15596467013418,1,True,False
53,2025-06-18 20:54:57.887511,chapter_1.1.2.1.2.3,3,quiz,54,49.28963277318377,3,True,False
53,2025-07-09 20:54:57.887511,chapter_1.1.2.1.2.4,4,project,76,44.060489028165975,2,True,False
53,2025-07-12 20:54:57.887511,chapter_1.1.2.1.2.4,4,project,68,45.219814079742996,2,True,False
54,2025-06-30 20:54:57.887511,chapter_1.1.1.1.1.1,1,video,12,,0,False,True
54,2025-07-05 20:54:57.887511,chapter_1.1.1.1.1.2,2,practice,18,48.30954502575102,3,True,False
54,2025-07-05 20:54:57.887511,chapter_1.1.1.1.1.3,3,quiz,32,49.386653851616586,2,True,False
54,2025-06-27 20:54:57.887511,chapter_1.1.1.1.1.4,4,project,32,40.28298815750482,2,True,False
54,2025-07-07 20:54:57.887511,chapter_1.1.2.1.2.1,1,video,36,,0,False,True
54,2025-07-04 20:54:57.887511,chapter_1.1.2.1.2.2,2,practice,63,63.94892090154871,2,True,True
54,2025-07-06 20:54:57.887511,chapter_1.1.2.1.2.3,3,quiz,63,48.03311613263069,2,True,False
54,2025-07-04 20:54:57.887511,chapter_1.1.2.1.2.4,4,project,141,46.27482888824657,1,True,False
55,2025-07-04 20:54:57.887511,chapter_1.1.1.1.1.1,1,video,30,,0,False,True
55,2025-07-05 20:54:57.887511,chapter_1.1.1.1.1.2,2,practice,43,49.17441421726377,2,True,False
55,2025-07-11 20:54:57.887511,chapter_1.1.1.1.1.3,3,quiz,52,28.691920302951583,2,True,False
55,2025-07-09 20:54:57.887511,chapter_1.1.1.1.1.4,4,project,58,34.83206342610103,1,True,False
55,2025-06-27 20:54:57.887511,chapter_1.1.1.1.1.4,4,project,121,29.336559325880444,2,True,False
55,2025-07-09 20:54:57.887511,chapter_1.1.1.1.1.4,4,project,70,39.057251359540004,1,True,False
55,2025-06-25 20:54:57.887511,chapter_1.1.1.1.1.4,4,project,71,39.79491167594161,2,True,False
55,2025-06-21 20:54:57.887511,chapter_1.1.1.1.1.4,4,project,52,32.744263937653336,1,True,False
55,2025-06-17 20:54:57.887511,chapter_1.1.2.1.2.1,1,video,21,,0,False,True
55,2025-06-19 20:54:57.887511,chapter_1.1.2.1.2.1,1,video,30,,0,False,True
55,2025-06-17 20:54:57.887511,chapter_1.1.2.1.2.2,2,practice,33,44.37740076298915,1,True,False
56,2025-06-27 20:54:57.887511,chapter_1.1.1.1.1.1,1,video,23,,0,False,True
56,2025-07-09 20:54:57.887511,chapter_1.1.1.1.1.1,1,video,8,,0,False,True
56,2025-06-28 20:54:57.887511,chapter_1.1.1.1.1.2,2,practice,34,60.63575862211501,1,True,True
56,2025-06-22 20:54:57.887511,chapter_1.1.1.1.1.3,3,quiz,46,62.29233772540303,1,True,True
56,2025-07-01 20:54:57.887511,chapter_1.1.1.1.1.4,4,project,43,62.32831849102021,1,True,True
56,2025-07-11 20:54:57.887511,chapter_1.1.2.1.2.1,1,video,13,,0,False,True
56,2025-06-20 20:54:57.887511,chapter_1.1.2.1.2.2,2,practice,48,58.84448454481069,2,True,False
56,2025-06-21 20:54:57.887511,chapter_1.1.2.1.2.3,3,quiz,52,66.65297941186199,1,True,True
57,2025-07-14 20:54:57.887511,chapter_1.1.1.1.1.1,1,video,21,,0,False,True
57,2025-06-14 20:54:57.887511,chapter_1.1.1.1.1.2,2,practice,20,87.43595534163734,2,True,True
57,2025-06-16 20:54:57.887511,chapter_1.1.1.1.1.2,2,practice,15,89.48767492203046,1,True,True
57,2025-07-03 20:54:57.887511,chapter_1.1.1.1.1.3,3,quiz,18,82.15667446345554,1,True,True
57,2025-06-16 20:54:57.887511,chapter_1.1.1.1.1.4,4,project,51,80.93562300132848,3,True,True
57,2025-07-13 20:54:57.887511,chapter_1.1.2.1.2.1,1,video,25,,0,False,True
57,2025-06-21 20:54:57.887511,chapter_1.1.2.1.2.2,2,practice,46,88.04986802929555,2,True,True
57,2025-06-15 20:54:57.887511,chapter_1.1.2.1.2.3,3,quiz,30,73.32174135030756,2,True,True
57,2025-06-29 20:54:57.887511,chapter_1.1.2.1.2.4,4,project,59,82.81730643240793,2,True,True
58,2025-06-27 20:54:57.887511,chapter_1.1.1.1.1.1,1,video,16,,0,False,True
58,2025-07-02 20:54:57.887511,chapter_1.1.1.1.1.2,2,practice,27,72.71157612929825,1,True,True
58,2025-07-02 20:54:57.887511,chapter_1.1.1.1.1.3,3,quiz,29,66.59697705718689,3,True,True
58,2025-06-19 20:54:57.887511,chapter_1.1.1.1.1.4,4,project,55,64.20401311938946,1,True,True
58,2025-07-03 20:54:57.887511,chapter_1.1.2.1.2.1,1,video,27,,0,False,True
58,2025-06-27 20:54:57.887511,chapter_1.1.2.1.2.2,2,practice,24,79.292143628266,2,True,True
58,2025-07-10 20:54:57.887511,chapter_1.1.2.1.2.3,3,quiz,45,70.96056790660789,3,True,True
58,2025-06-26 20:54:57.887511,chapter_1.1.2.1.2.4,4,project,46,67.92010499802976,1,True,True
59,2025-07-12 20:54:57.887511,chapter_1.1.1.1.1.1,1,video,22,,0,False,True
59,2025-07-13 20:54:57.887511,chapter_1.1.1.1.1.1,1,video,26,,0,False,True
59,2025-06-17 20:54:57.887511,chapter_1.1.1.1.1.1,1,video,23,,0,False,True
59,2025-06-27 20:54:57.887511,chapter_1.1.1.1.1.2,2,practice,53,38.46440222040725,3,True,False
59,2025-07-03 20:54:57.887511,chapter_1.1.1.1.1.2,2,practice,34,42.17508680272176,2,True,False
59,2025-07-10 20:54:57.887511,chapter_1.1.1.1.1.3,3,quiz,57,26.157457743726482,1,True,False
59,2025-07-12 20:54:57.887511,chapter_1.1.1.1.1.3,3,quiz,71,30.707174270158944,2,True,False
59,2025-06-20 20:54:57.887511,chapter_1.1.1.1.1.4,4,project,111,24.311328881651445,2,True,False
59,2025-06-20 20:54:57.887511,chapter_1.1.1.1.1.4,4,project,121,30.53603697862394,2,True,False
59,2025-06-14 20:54:57.887511,chapter_1.1.1.1.1.4,4,project,103,21.599059937632568,3,True,False
59,2025-06-17 20:54:57.887511,chapter_1.1.1.1.1.4,4,project,85,23.008091502823024,3,True,False
59,2025-07-07 20:54:57.887511,chapter_1.1.2.1.2.1,1,video,58,,0,False,True
59,2025-07-05 20:54:57.887511,chapter_1.1.2.1.2.2,2,practice,94,48.31051247653957,2,True,False
59,2025-06-25 20:54:57.887511,chapter_1.1.2.1.2.3,3,quiz,60,35.058548623699124,2,True,False
59,2025-06-15 20:54:57.887511,chapter_1.1.2.1.2.4,4,project,160,32.758676820432186,3,True,False
60,2025-06-19 20:54:57.887511,chapter_1.1.1.1.1.1,1,video,31,,0,False,True
60,2025-06-20 20:54:57.887511,chapter_1.1.1.1.1.1,1,video,43,,0,False,True
60,2025-07-14 20:54:57.887511,chapter_1.1.1.1.1.2,2,practice,82,22.08057970717272,1,True,False
60,2025-07-12 20:54:57.887511,chapter_1.1.1.1.1.2,2,practice,22,30.510640513690873,1,True,False
60,2025-06-26 20:54:57.887511,chapter_1.1.1.1.1.2,2,practice,47,19.233805656759536,1,True,False
60,2025-06-16 20:54:57.887511,chapter_1.1.1.1.1.2,2,practice,24,28.857146088728268,2,True,False
60,2025-06-19 20:54:57.887511,chapter_1.1.1.1.1.2,2,practice,80,33.78977851958792,1,True,False
60,2025-06-23 20:54:57.887511,chapter_1.1.1.1.1.3,3,quiz,113,22.65371816472,3,True,False
60,2025-07-13 20:54:57.887511,chapter_1.1.1.1.1.3,3,quiz,38,25.89149271237013,1,True,False
60,2025-07-06 20:54:57.887511,chapter_1.1.1.1.1.4,4,project,132,16.53225783678377,3,True,False
60,2025-07-08 20:54:57.887511,chapter_1.1.2.1.2.1,1,video,71,,0,False,True
61,2025-07-05 20:54:57.887511,chapter_1.1.1.1.1.1,1,video,11,,0,False,True
61,2025-06-25 20:54:57.887511,chapter_1.1.1.1.1.2,2,practice,11,76.5104538565808,1,True,True
61,2025-06-27 20:54:57.887511,chapter_1.1.1.1.1.3,3,quiz,21,57.13288522757962,3,True,False
62,2025-06-30 20:54:57.888519,chapter_1.1.1.1.1.1,1,video,10,,0,False,True
62,2025-06-21 20:54:57.888519,chapter_1.1.1.1.1.1,1,video,21,,0,False,True
62,2025-06-14 20:54:57.888519,chapter_1.1.1.1.1.2,2,practice,21,53.201990172884756,1,True,False
62,2025-07-02 20:54:57.888519,chapter_1.1.1.1.1.3,3,quiz,64,42.09691306585677,2,True,False
63,2025-06-20 20:54:57.888519,chapter_1.1.1.1.1.1,1,video,34,,0,False,True
63,2025-06-19 20:54:57.888519,chapter_1.1.1.1.1.2,2,practice,23,46.494187712918915,3,True,False
63,2025-06-16 20:54:57.888519,chapter_1.1.1.1.1.2,2,practice,49,33.69392208511263,2,True,False
63,2025-07-05 20:54:57.888519,chapter_1.1.1.1.1.3,3,quiz,58,31.75403588807461,2,True,False
63,2025-07-13 20:54:57.888519,chapter_1.1.1.1.1.4,4,project,71,23.437869475608764,1,True,False
63,2025-07-12 20:54:57.888519,chapter_1.1.1.1.1.4,4,project,47,31.097849578002233,1,True,False
63,2025-06-29 20:54:57.888519,chapter_1.1.2.1.2.1,1,video,59,,0,False,True
64,2025-07-03 20:54:57.888519,chapter_1.1.1.1.1.1,1,video,22,,0,False,True
64,2025-07-05 20:54:57.888519,chapter_1.1.1.1.1.2,2,practice,20,57.780000561944924,2,True,False
64,2025-06-17 20:54:57.888519,chapter_1.1.1.1.1.3,3,quiz,15,53.30956537824865,1,True,False
64,2025-07-10 20:54:57.888519,chapter_1.1.1.1.1.3,3,quiz,43,70.571894166533,3,True,True
64,2025-07-06 20:54:57.888519,chapter_1.1.1.1.1.4,4,project,37,47.089147450030694,2,True,False
64,2025-06-17 20:54:57.888519,chapter_1.1.1.1.1.4,4,project,51,57.50234942365917,2,True,False
64,2025-07-02 20:54:57.888519,chapter_1.1.2.1.2.1,1,video,37,,0,False,True
64,2025-07-01 20:54:57.888519,chapter_1.1.2.1.2.2,2,practice,69,75.66672842897813,2,True,True
64,2025-07-07 20:54:57.888519,chapter_1.1.2.1.2.3,3,quiz,26,69.58206628517891,3,True,True
64,2025-07-06 20:54:57.888519,chapter_1.1.2.1.2.4,4,project,34,61.082958694615805,3,True,True
64,2025-07-03 20:54:57.888519,chapter_1.1.2.1.2.4,4,project,42,59.523580172122536,2,True,False
65,2025-07-11 20:54:57.888519,chapter_1.1.1.1.1.1,1,video,13,,0,False,True
65,2025-07-05 20:54:57.888519,chapter_1.1.1.1.1.2,2,practice,15,79.4272820076448,1,True,True
65,2025-06-19 20:54:57.888519,chapter_1.1.1.1.1.3,3,quiz,13,72.87597888166654,2,True,True
65,2025-06-26 20:54:57.888519,chapter_1.1.1.1.1.4,4,project,65,77.54935456432435,3,True,True
65,2025-07-02 20:54:57.888519,chapter_1.1.2.1.2.1,1,video,30,,0,False,True
65,2025-06-18 20:54:57.888519,chapter_1.1.2.1.2.1,1,video,18,,0,False,True
65,2025-07-10 20:54:57.888519,chapter_1.1.2.1.2.2,2,practice,50,78.91632097625236,1,True,True
65,2025-07-06 20:54:57.888519,chapter_1.1.2.1.2.3,3,quiz,34,84.65265052307635,3,True,True
65,2025-07-01 20:54:57.888519,chapter_1.1.2.1.2.4,4,project,34,62.406557930112534,1,True,True
66,2025-06-19 20:54:57.888519,chapter_1.1.1.1.1.1,1,video,12,,0,False,True
66,2025-06-26 20:54:57.888519,chapter_1.1.1.1.1.2,2,practice,43,69.39115868717401,3,True,True
66,2025-07-05 20:54:57.888519,chapter_1.1.1.1.1.3,3,quiz,39,56.064753594812444,3,True,False
66,2025-07-01 20:54:57.888519,chapter_1.1.1.1.1.3,3,quiz,56,67.65303650112067,2,True,True
66,2025-07-07 20:54:57.888519,chapter_1.1.1.1.1.4,4,project,79,56.895943803138024,2,True,False
66,2025-06-15 20:54:57.888519,chapter_1.1.1.1.1.4,4,project,69,62.686753538107595,2,True,True
66,2025-06-23 20:54:57.888519,chapter_1.1.2.1.2.1,1,video,34,,0,False,True
66,2025-06-28 20:54:57.888519,chapter_1.1.2.1.2.1,1,video,11,,0,False,True
66,2025-06-25 20:54:57.888519,chapter_1.1.2.1.2.2,2,practice,69,55.619976556387456,2,True,False
66,2025-07-03 20:54:57.888519,chapter_1.1.2.1.2.3,3,quiz,31,60.43605629153551,1,True,True
66,2025-07-14 20:54:57.888519,chapter_1.1.2.1.2.3,3,quiz,20,49.90473923669218,3,True,False
66,2025-07-08 20:54:57.888519,chapter_1.1.2.1.2.4,4,project,117,57.887540959604834,2,True,False
67,2025-06-20 20:54:57.888519,chapter_1.1.1.1.1.1,1,video,17,,0,False,True
67,2025-06-29 20:54:57.888519,chapter_1.1.1.1.1.1,1,video,11,,0,False,True
67,2025-06-16 20:54:57.888519,chapter_1.1.1.1.1.2,2,practice,23,48.44515940496872,2,True,False
67,2025-07-11 20:54:57.888519,chapter_1.1.1.1.1.3,3,quiz,24,47.14356683412353,2,True,False
67,2025-06-23 20:54:57.888519,chapter_1.1.1.1.1.3,3,quiz,43,36.180553961216944,1,True,False
67,2025-06-27 20:54:57.888519,chapter_1.1.1.1.1.3,3,quiz,70,42.72019771287602,1,True,False
67,2025-07-02 20:54:57.888519,chapter_1.1.1.1.1.3,3,quiz,42,44.997970025518015,1,True,False
67,2025-06-14 20:54:57.888519,chapter_1.1.1.1.1.3,3,quiz,65,45.37990351837419,1,True,False
67,2025-07-04 20:54:57.888519,chapter_1.1.1.1.1.4,4,project,60,29.537773488603072,2,True,False
67,2025-06-19 20:54:57.888519,chapter_1.1.1.1.1.4,4,project,63,29.63073677960615,2,True,False
67,2025-07-05 20:54:57.888519,chapter_1.1.1.1.1.4,4,project,50,28.157644986353212,3,True,False
68,2025-07-08 20:54:57.888519,chapter_1.1.1.1.1.1,1,video,34,,0,False,True
68,2025-06-18 20:54:57.888519,chapter_1.1.1.1.1.2,2,practice,30,35.94840976676229,3,True,False
68,2025-06-20 20:54:57.888519,chapter_1.1.1.1.1.3,3,quiz,71,39.7404132577672,3,True,False
68,2025-07-10 20:54:57.888519,chapter_1.1.1.1.1.4,4,project,36,25.757247633374384,3,True,False
68,2025-07-03 20:54:57.888519,chapter_1.1.2.1.2.1,1,video,36,,0,False,True
68,2025-07-13 20:54:57.888519,chapter_1.1.2.1.2.2,2,practice,50,39.606968150408534,2,True,False
68,2025-06-23 20:54:57.888519,chapter_1.1.2.1.2.3,3,quiz,51,41.546945043401536,1,True,False
68,2025-07-01 20:54:57.888519,chapter_1.1.2.1.2.4,4,project,147,32.86533069336288,3,True,False
69,2025-06-17 20:54:57.888519,chapter_1.1.1.1.1.1,1,video,17,,0,False,True
69,2025-06-27 20:54:57.888519,chapter_1.1.1.1.1.2,2,practice,28,87.2613252219541,2,True,True
69,2025-07-01 20:54:57.888519,chapter_1.1.1.1.1.3,3,quiz,37,77.1567276247853,1,True,True
69,2025-06-29 20:54:57.888519,chapter_1.1.1.1.1.4,4,project,55,80.47191494098996,2,True,True
69,2025-06-22 20:54:57.888519,chapter_1.1.2.1.2.1,1,video,16,,0,False,True
69,2025-06-21 20:54:57.888519,chapter_1.1.2.1.2.2,2,practice,36,86.99877586593418,3,True,True
69,2025-06-30 20:54:57.888519,chapter_1.1.2.1.2.2,2,practice,18,83.88390860253361,2,True,True
69,2025-07-12 20:54:57.888519,chapter_1.1.2.1.2.3,3,quiz,30,70.82796105143404,3,True,True
70,2025-07-01 20:54:57.888519,chapter_1.1.1.1.1.1,1,video,12,,0,False,True
70,2025-07-05 20:54:57.888519,chapter_1.1.1.1.1.2,2,practice,27,91.75437938030147,1,True,True
70,2025-06-20 20:54:57.888519,chapter_1.1.1.1.1.2,2,practice,8,82.59749785329358,1,True,True
70,2025-07-04 20:54:57.888519,chapter_1.1.1.1.1.3,3,quiz,23,88.5317117275244,2,True,True
70,2025-07-04 20:54:57.888519,chapter_1.1.1.1.1.4,4,project,21,70.33367506860843,3,True,True
71,2025-06-30 20:54:57.888519,chapter_1.1.1.1.1.1,1,video,38,,0,False,True
71,2025-06-26 20:54:57.888519,chapter_1.1.1.1.1.2,2,practice,47,36.750106054309256,3,True,False
71,2025-06-17 20:54:57.888519,chapter_1.1.1.1.1.2,2,practice,29,25.666736524807632,2,True,False
71,2025-07-09 20:54:57.888519,chapter_1.1.1.1.1.3,3,quiz,60,35.88925305048372,3,True,False
71,2025-06-19 20:54:57.888519,chapter_1.1.1.1.1.4,4,project,121,24.692586265143234,3,True,False
71,2025-07-10 20:54:57.888519,chapter_1.1.1.1.1.4,4,project,49,22.322401769614082,3,True,False
71,2025-06-15 20:54:57.888519,chapter_1.1.1.1.1.4,4,project,132,21.898336136505314,2,True,False
71,2025-07-01 20:54:57.888519,chapter_1.1.2.1.2.1,1,video,50,,0,False,True
71,2025-07-07 20:54:57.888519,chapter_1.1.2.1.2.2,2,practice,46,30.80007783065753,3,True,False
71,2025-07-03 20:54:57.888519,chapter_1.1.2.1.2.3,3,quiz,91,34.80231394623725,2,True,False
71,2025-06-22 20:54:57.888519,chapter_1.1.2.1.2.3,3,quiz,82,19.958942500277317,2,True,False
71,2025-07-11 20:54:57.888519,chapter_1.1.2.1.2.3,3,quiz,35,34.908253139123204,3,True,False
71,2025-07-12 20:54:57.888519,chapter_1.1.2.1.2.3,3,quiz,60,23.62297258679746,2,True,False
71,2025-07-05 20:54:57.888519,chapter_1.1.2.1.2.4,4,project,89,29.153558266276487,3,True,False
72,2025-06-24 20:54:57.888519,chapter_1.1.1.1.1.1,1,video,29,,0,False,True
72,2025-07-04 20:54:57.888519,chapter_1.1.1.1.1.2,2,practice,45,52.04908965163331,2,True,False
72,2025-06-30 20:54:57.888519,chapter_1.1.1.1.1.3,3,quiz,38,57.59458412949654,3,True,False
72,2025-07-06 20:54:57.888519,chapter_1.1.1.1.1.4,4,project,54,46.22664467045613,2,True,False
72,2025-07-02 20:54:57.888519,chapter_1.1.1.1.1.4,4,project,91,43.30756081133127,1,True,False
72,2025-06-16 20:54:57.888519,chapter_1.1.2.1.2.1,1,video,38,,0,False,True
72,2025-07-14 20:54:57.888519,chapter_1.1.2.1.2.2,2,practice,54,54.33149004810087,1,True,False
72,2025-06-27 20:54:57.888519,chapter_1.1.2.1.2.3,3,quiz,16,45.51937512294997,3,True,False
72,2025-07-02 20:54:57.888519,chapter_1.1.2.1.2.4,4,project,52,40.801943070396725,2,True,False
72,2025-07-03 20:54:57.888519,chapter_1.1.2.1.2.4,4,project,107,50.85351521130618,2,True,False
73,2025-06-16 20:54:57.888519,chapter_1.1.1.1.1.1,1,video,27,,0,False,True
73,2025-06-22 20:54:57.888519,chapter_1.1.1.1.1.1,1,video,44,,0,False,True
73,2025-07-09 20:54:57.888519,chapter_1.1.1.1.1.2,2,practice,44,34.25972743603125,2,True,False
73,2025-07-05 20:54:57.888519,chapter_1.1.1.1.1.3,3,quiz,41,33.75138318684469,3,True,False
73,2025-06-19 20:54:57.888519,chapter_1.1.1.1.1.4,4,project,92,29.769379173084474,1,True,False
73,2025-07-06 20:54:57.888519,chapter_1.1.2.1.2.1,1,video,65,,0,False,True
73,2025-06-25 20:54:57.888519,chapter_1.1.2.1.2.2,2,practice,58,33.85543241828171,1,True,False
73,2025-06-16 20:54:57.888519,chapter_1.1.2.1.2.3,3,quiz,86,34.142480323126065,1,True,False
73,2025-07-06 20:54:57.888519,chapter_1.1.2.1.2.4,4,project,135,20.912708907059564,3,True,False
74,2025-06-29 20:54:57.888519,chapter_1.1.1.1.1.1,1,video,14,,0,False,True
74,2025-07-06 20:54:57.888519,chapter_1.1.1.1.1.1,1,video,9,,0,False,True
74,2025-06-14 20:54:57.888519,chapter_1.1.1.1.1.1,1,video,18,,0,False,True
74,2025-06-18 20:54:57.888519,chapter_1.1.1.1.1.2,2,practice,16,80.37857964481623,2,True,True
74,2025-07-01 20:54:57.888519,chapter_1.1.1.1.1.3,3,quiz,35,83.08734184317278,3,True,True
74,2025-06-24 20:54:57.888519,chapter_1.1.1.1.1.4,4,project,39,70.13729453386833,3,True,True
74,2025-06-15 20:54:57.888519,chapter_1.1.2.1.2.1,1,video,27,,0,False,True
75,2025-07-05 20:54:57.888519,chapter_1.1.1.1.1.1,1,video,15,,0,False,True
75,2025-07-13 20:54:57.888519,chapter_1.1.1.1.1.2,2,practice,18,83.47100850236453,3,True,True
75,2025-06-22 20:54:57.888519,chapter_1.1.1.1.1.3,3,quiz,24,62.27997937513945,2,True,True
75,2025-06-15 20:54:57.888519,chapter_1.1.1.1.1.4,4,project,70,65.62230825128306,3,True,True
75,2025-06-17 20:54:57.888519,chapter_1.1.2.1.2.1,1,video,17,,0,False,True
75,2025-06-27 20:54:57.888519,chapter_1.1.2.1.2.1,1,video,14,,0,False,True
75,2025-07-07 20:54:57.888519,chapter_1.1.2.1.2.2,2,practice,29,79.7084897709392,2,True,True
75,2025-07-06 20:54:57.888519,chapter_1.1.2.1.2.2,2,practice,16,83.08769535584929,1,True,True
75,2025-06-29 20:54:57.888519,chapter_1.1.2.1.2.3,3,quiz,26,72.45291024961477,2,True,True
76,2025-06-14 20:54:57.888519,chapter_1.1.1.1.1.1,1,video,17,,0,False,True
76,2025-06-26 20:54:57.888519,chapter_1.1.1.1.1.1,1,video,25,,0,False,True
76,2025-06-27 20:54:57.888519,chapter_1.1.1.1.1.2,2,practice,29,51.95487885942556,2,True,False
77,2025-06-27 20:54:57.888519,chapter_1.1.1.1.1.1,1,video,41,,0,False,True
77,2025-06-16 20:54:57.888519,chapter_1.1.1.1.1.2,2,practice,28,38.28830142656058,1,True,False
77,2025-06-26 20:54:57.888519,chapter_1.1.1.1.1.2,2,practice,46,35.11710604471142,3,True,False
77,2025-06-22 20:54:57.888519,chapter_1.1.1.1.1.3,3,quiz,41,35.95854828914709,1,True,False
77,2025-06-30 20:54:57.888519,chapter_1.1.1.1.1.3,3,quiz,46,24.394404278240323,3,True,False
77,2025-06-27 20:54:57.888519,chapter_1.1.1.1.1.3,3,quiz,74,20.72368343875143,2,True,False
77,2025-07-09 20:54:57.888519,chapter_1.1.1.1.1.4,4,project,77,11.933801844258284,2,True,False
78,2025-06-19 20:54:57.888519,chapter_1.1.1.1.1.1,1,video,40,,0,False,True
78,2025-06-14 20:54:57.888519,chapter_1.1.1.1.1.1,1,video,17,,0,False,True
78,2025-06-28 20:54:57.888519,chapter_1.1.1.1.1.2,2,practice,39,38.863848276893805,1,True,False
78,2025-06-16 20:54:57.888519,chapter_1.1.1.1.1.2,2,practice,49,48.117422301759,1,True,False
78,2025-07-08 20:54:57.888519,chapter_1.1.1.1.1.3,3,quiz,42,31.590844773190973,3,True,False
78,2025-06-28 20:54:57.888519,chapter_1.1.1.1.1.4,4,project,57,31.350289774459927,3,True,False
79,2025-06-25 20:54:57.888519,chapter_1.1.1.1.1.1,1,video,15,,0,False,True
79,2025-07-04 20:54:57.888519,chapter_1.1.1.1.1.2,2,practice,22,100.0,2,True,True
79,2025-06-23 20:54:57.888519,chapter_1.1.1.1.1.2,2,practice,16,100.0,2,True,True
79,2025-06-15 20:54:57.888519,chapter_1.1.1.1.1.3,3,quiz,38,96.81469286075253,3,True,True
79,2025-06-29 20:54:57.888519,chapter_1.1.1.1.1.4,4,project,37,77.67536683531586,2,True,True
79,2025-06-28 20:54:57.888519,chapter_1.1.2.1.2.1,1,video,22,,0,False,True
79,2025-07-05 20:54:57.888519,chapter_1.1.2.1.2.2,2,practice,32,100.0,2,True,True
79,2025-07-01 20:54:57.888519,chapter_1.1.2.1.2.3,3,quiz,23,97.2963396979492,3,True,True
79,2025-06-26 20:54:57.888519,chapter_1.1.2.1.2.4,4,project,67,84.50658264706436,2,True,True
80,2025-06-17 20:54:57.888519,chapter_1.1.1.1.1.1,1,video,20,,0,False,True
80,2025-06-29 20:54:57.888519,chapter_1.1.1.1.1.2,2,practice,35,86.70234624863326,3,True,True
80,2025-07-08 20:54:57.888519,chapter_1.1.1.1.1.3,3,quiz,30,64.65187865015024,2,True,True
80,2025-06-25 20:54:57.888519,chapter_1.1.1.1.1.4,4,project,53,71.10568923125535,1,True,True
80,2025-06-27 20:54:57.888519,chapter_1.1.1.1.1.4,4,project,60,64.93909244815222,2,True,True
80,2025-07-13 20:54:57.888519,chapter_1.1.1.1.1.4,4,project,68,58.67557297861137,2,True,False
80,2025-06-16 20:54:57.888519,chapter_1.1.2.1.2.1,1,video,26,,0,False,True
80,2025-06-23 20:54:57.888519,chapter_1.1.2.1.2.2,2,practice,53,74.36458746053088,1,True,True
80,2025-06-26 20:54:57.888519,chapter_1.1.2.1.2.2,2,practice,44,83.9587847962595,2,True,True
80,2025-06-18 20:54:57.888519,chapter_1.1.2.1.2.3,3,quiz,30,65.2739739730587,2,True,True
80,2025-07-04 20:54:57.888519,chapter_1.1.2.1.2.4,4,project,79,62.71084248832697,2,True,True
81,2025-06-22 20:54:57.888519,chapter_1.1.1.1.1.1,1,video,12,,0,False,True
81,2025-07-09 20:54:57.888519,chapter_1.1.1.1.1.2,2,practice,43,45.28565778245064,3,True,False
81,2025-07-02 20:54:57.888519,chapter_1.1.1.1.1.3,3,quiz,69,48.8226602469837,2,True,False
81,2025-06-20 20:54:57.888519,chapter_1.1.1.1.1.4,4,project,85,49.85184635891099,1,True,False
81,2025-06-24 20:54:57.888519,chapter_1.1.1.1.1.4,4,project,98,33.58884259632907,1,True,False
81,2025-07-13 20:54:57.888519,chapter_1.1.1.1.1.4,4,project,99,35.45039994948375,2,True,False
81,2025-07-05 20:54:57.888519,chapter_1.1.1.1.1.4,4,project,93,40.56346493426943,1,True,False
82,2025-06-16 20:54:57.888519,chapter_1.1.1.1.1.1,1,video,34,,0,False,True
82,2025-06-26 20:54:57.888519,chapter_1.1.1.1.1.2,2,practice,22,46.52955714676202,2,True,False
82,2025-06-18 20:54:57.888519,chapter_1.1.1.1.1.3,3,quiz,49,37.61239836682,1,True,False
82,2025-07-04 20:54:57.888519,chapter_1.1.1.1.1.4,4,project,43,31.08000042806484,2,True,False
82,2025-07-09 20:54:57.888519,chapter_1.1.1.1.1.4,4,project,41,25.87508488701851,3,True,False
82,2025-06-21 20:54:57.888519,chapter_1.1.1.1.1.4,4,project,86,39.64078891012805,1,True,False
82,2025-06-16 20:54:57.888519,chapter_1.1.2.1.2.1,1,video,54,,0,False,True
82,2025-06-20 20:54:57.888519,chapter_1.1.2.1.2.2,2,practice,67,40.4062038035862,1,True,False
82,2025-07-14 20:54:57.888519,chapter_1.1.2.1.2.3,3,quiz,36,37.02279269231673,3,True,False
82,2025-06-20 20:54:57.888519,chapter_1.1.2.1.2.4,4,project,84,28.86348774494318,3,True,False
83,2025-06-27 20:54:57.888519,chapter_1.1.1.1.1.1,1,video,22,,0,False,True
83,2025-07-04 20:54:57.888519,chapter_1.1.1.1.1.2,2,practice,20,74.82643217672442,1,True,True
83,2025-06-28 20:54:57.888519,chapter_1.1.1.1.1.3,3,quiz,35,84.2257396681486,3,True,True
83,2025-06-25 20:54:57.888519,chapter_1.1.1.1.1.4,4,project,44,78.42113515900664,3,True,True
83,2025-06-14 20:54:57.888519,chapter_1.1.2.1.2.1,1,video,22,,0,False,True
83,2025-07-02 20:54:57.888519,chapter_1.1.2.1.2.2,2,practice,15,84.2166806358461,3,True,True
83,2025-07-03 20:54:57.888519,chapter_1.1.2.1.2.3,3,quiz,23,78.11034227921297,3,True,True
83,2025-06-30 20:54:57.888519,chapter_1.1.2.1.2.4,4,project,38,68.23048122802112,3,True,True
84,2025-06-22 20:54:57.888519,chapter_1.1.1.1.1.1,1,video,10,,0,False,True
84,2025-07-04 20:54:57.888519,chapter_1.1.1.1.1.2,2,practice,36,53.97114018840145,3,True,False
84,2025-06-16 20:54:57.888519,chapter_1.1.1.1.1.3,3,quiz,48,50.125359840464526,2,True,False
84,2025-06-24 20:54:57.888519,chapter_1.1.1.1.1.4,4,project,45,33.679970963278016,1,True,False
84,2025-07-11 20:54:57.888519,chapter_1.1.1.1.1.4,4,project,49,48.25299886747662,1,True,False
84,2025-06-27 20:54:57.888519,chapter_1.1.1.1.1.4,4,project,101,44.72961082558019,2,True,False
84,2025-06-28 20:54:57.888519,chapter_1.1.1.1.1.4,4,project,81,50.39963101988173,1,True,False
84,2025-06-16 20:54:57.888519,chapter_1.1.1.1.1.4,4,project,26,37.433654676568146,3,True,False
84,2025-06-18 20:54:57.888519,chapter_1.1.2.1.2.1,1,video,49,,0,False,True
84,2025-06-16 20:54:57.888519,chapter_1.1.2.1.2.2,2,practice,31,52.643262850339006,2,True,False
84,2025-06-30 20:54:57.888519,chapter_1.1.2.1.2.2,2,practice,66,42.079620419499776,2,True,False
85,2025-06-26 20:54:57.888519,chapter_1.1.1.1.1.1,1,video,25,,0,False,True
85,2025-06-23 20:54:57.888519,chapter_1.1.1.1.1.2,2,practice,24,42.18328506213386,3,True,False
85,2025-06-30 20:54:57.888519,chapter_1.1.1.1.1.3,3,quiz,36,33.87418650938159,3,True,False
85,2025-07-13 20:54:57.888519,chapter_1.1.1.1.1.3,3,quiz,64,49.67894888646781,3,True,False
85,2025-06-26 20:54:57.888519,chapter_1.1.1.1.1.4,4,project,35,43.54902161209699,2,True,False
85,2025-06-21 20:54:57.888519,chapter_1.1.2.1.2.1,1,video,19,,0,False,True
86,2025-07-11 20:54:57.888519,chapter_1.1.1.1.1.1,1,video,18,,0,False,True
86,2025-06-29 20:54:57.888519,chapter_1.1.1.1.1.1,1,video,10,,0,False,True
86,2025-07-07 20:54:57.888519,chapter_1.1.1.1.1.2,2,practice,20,83.92637085466804,1,True,True
86,2025-07-11 20:54:57.888519,chapter_1.1.1.1.1.3,3,quiz,33,95.47805196942649,1,True,True
86,2025-06-30 20:54:57.888519,chapter_1.1.1.1.1.4,4,project,31,84.3748347179265,2,True,True
86,2025-07-14 20:54:57.888519,chapter_1.1.2.1.2.1,1,video,12,,0,False,True
86,2025-07-02 20:54:57.888519,chapter_1.1.2.1.2.2,2,practice,22,94.80767349919418,3,True,True
86,2025-07-02 20:54:57.888519,chapter_1.1.2.1.2.3,3,quiz,10,81.3712312691617,3,True,True
86,2025-07-06 20:54:57.888519,chapter_1.1.2.1.2.4,4,project,71,80.8335389095765,1,True,True
87,2025-06-23 20:54:57.888519,chapter_1.1.1.1.1.1,1,video,23,,0,False,True
87,2025-06-29 20:54:57.888519,chapter_1.1.1.1.1.2,2,practice,15,74.04010674997255,3,True,True
87,2025-06-29 20:54:57.888519,chapter_1.1.1.1.1.3,3,quiz,16,72.62185318955352,2,True,True
87,2025-06-23 20:54:57.888519,chapter_1.1.1.1.1.4,4,project,76,61.9698324811667,2,True,True
87,2025-07-14 20:54:57.888519,chapter_1.1.2.1.2.1,1,video,15,,0,False,True
87,2025-06-24 20:54:57.888519,chapter_1.1.2.1.2.2,2,practice,17,74.94293704694714,3,True,True
87,2025-06-29 20:54:57.888519,chapter_1.1.2.1.2.3,3,quiz,41,72.90576845531209,2,True,True
87,2025-06-23 20:54:57.888519,chapter_1.1.2.1.2.4,4,project,107,61.725700195262746,3,True,True
88,2025-07-01 20:54:57.888519,chapter_1.1.1.1.1.1,1,video,26,,0,False,True
88,2025-07-01 20:54:57.888519,chapter_1.1.1.1.1.1,1,video,21,,0,False,True
88,2025-07-08 20:54:57.888519,chapter_1.1.1.1.1.2,2,practice,54,34.833716553090206,1,True,False
88,2025-07-03 20:54:57.888519,chapter_1.1.1.1.1.2,2,practice,40,31.884921969670835,3,True,False
88,2025-07-06 20:54:57.888519,chapter_1.1.1.1.1.2,2,practice,71,35.63814416184561,1,True,False
88,2025-06-27 20:54:57.888519,chapter_1.1.1.1.1.2,2,practice,39,27.292221153781227,1,True,False
88,2025-07-03 20:54:57.888519,chapter_1.1.1.1.1.2,2,practice,31,38.42774486460147,3,True,False
88,2025-07-05 20:54:57.888519,chapter_1.1.1.1.1.3,3,quiz,59,27.410182183171468,3,True,False
88,2025-07-08 20:54:57.888519,chapter_1.1.1.1.1.4,4,project,133,27.162718669139185,2,True,False
88,2025-07-01 20:54:57.888519,chapter_1.1.1.1.1.4,4,project,94,22.46158837701904,3,True,False
88,2025-07-02 20:54:57.888519,chapter_1.1.2.1.2.1,1,video,48,,0,False,True
88,2025-07-01 20:54:57.888519,chapter_1.1.2.1.2.2,2,practice,38,27.098051003729864,3,True,False
88,2025-06-25 20:54:57.888519,chapter_1.1.2.1.2.2,2,practice,81,37.056081744335145,2,True,False
89,2025-06-29 20:54:57.888519,chapter_1.1.1.1.1.1,1,video,62,,0,False,True
89,2025-06-30 20:54:57.888519,chapter_1.1.1.1.1.2,2,practice,67,23.72791468961131,1,True,False
89,2025-06-27 20:54:57.888519,chapter_1.1.1.1.1.2,2,practice,63,19.879040059158175,2,True,False
89,2025-06-20 20:54:57.888519,chapter_1.1.1.1.1.3,3,quiz,124,29.110620182908413,1,True,False
89,2025-06-19 20:54:57.888519,chapter_1.1.1.1.1.4,4,project,188,10.6564342857923,3,True,False
89,2025-06-24 20:54:57.888519,chapter_1.1.1.1.1.4,4,project,73,12.694727606673744,3,True,False
89,2025-07-06 20:54:57.888519,chapter_1.1.1.1.1.4,4,project,70,23.843862602693623,2,True,False
89,2025-07-01 20:54:57.888519,chapter_1.1.1.1.1.4,4,project,50,18.74239881308327,2,True,False
89,2025-06-22 20:54:57.888519,chapter_1.1.2.1.2.1,1,video,45,,0,False,True
89,2025-06-20 20:54:57.888519,chapter_1.1.2.1.2.2,2,practice,53,33.89421113828359,2,True,False
89,2025-06-26 20:54:57.888519,chapter_1.1.2.1.2.3,3,quiz,112,27.22863114320724,3,True,False
89,2025-07-08 20:54:57.888519,chapter_1.1.2.1.2.3,3,quiz,49,15.941680896256477,2,True,False
90,2025-06-19 20:54:57.888519,chapter_1.1.1.1.1.1,1,video,14,,0,False,True
90,2025-07-04 20:54:57.888519,chapter_1.1.1.1.1.2,2,practice,23,80.95150589747075,3,True,True
90,2025-06-20 20:54:57.888519,chapter_1.1.1.1.1.3,3,quiz,28,85.99586919205828,1,True,True
90,2025-06-16 20:54:57.888519,chapter_1.1.1.1.1.4,4,project,28,73.66401591725932,3,True,True
90,2025-06-24 20:54:57.888519,chapter_1.1.1.1.1.4,4,project,50,68.41805641078078,2,True,True
90,2025-07-09 20:54:57.888519,chapter_1.1.2.1.2.1,1,video,20,,0,False,True
90,2025-07-12 20:54:57.888519,chapter_1.1.2.1.2.2,2,practice,48,75.11405103682256,1,True,True
90,2025-06-20 20:54:57.888519,chapter_1.1.2.1.2.3,3,quiz,33,89.29156618469429,3,True,True
90,2025-07-06 20:54:57.888519,chapter_1.1.2.1.2.4,4,project,88,83.51990579673313,1,True,True
91,2025-06-19 20:54:57.888519,chapter_1.1.1.1.1.1,1,video,41,,0,False,True
91,2025-06-29 20:54:57.888519,chapter_1.1.1.1.1.1,1,video,29,,0,False,True
91,2025-06-27 20:54:57.888519,chapter_1.1.1.1.1.2,2,practice,50,27.512709391543172,3,True,False
91,2025-06-19 20:54:57.888519,chapter_1.1.1.1.1.3,3,quiz,39,31.139814918658296,1,True,False
91,2025-06-28 20:54:57.888519,chapter_1.1.1.1.1.3,3,quiz,53,31.40010756106832,2,True,False
91,2025-07-10 20:54:57.888519,chapter_1.1.1.1.1.3,3,quiz,43,35.079508235201146,2,True,False
91,2025-06-28 20:54:57.888519,chapter_1.1.1.1.1.4,4,project,75,24.66168128782296,1,True,False
91,2025-06-28 20:54:57.888519,chapter_1.1.1.1.1.4,4,project,82,25.586195657397617,2,True,False
91,2025-07-07 20:54:57.888519,chapter_1.1.2.1.2.1,1,video,65,,0,False,True
92,2025-06-29 20:54:57.888519,chapter_1.1.1.1.1.1,1,video,14,,0,False,True
92,2025-06-15 20:54:57.888519,chapter_1.1.1.1.1.2,2,practice,32,92.04478495910377,1,True,True
92,2025-07-13 20:54:57.888519,chapter_1.1.1.1.1.3,3,quiz,34,78.92351491167972,3,True,True
92,2025-07-04 20:54:57.888519,chapter_1.1.1.1.1.4,4,project,65,81.87230055918518,2,True,True
92,2025-06-17 20:54:57.888519,chapter_1.1.2.1.2.1,1,video,19,,0,False,True
93,2025-07-04 20:54:57.888519,chapter_1.1.1.1.1.1,1,video,32,,0,False,True
93,2025-06-23 20:54:57.888519,chapter_1.1.1.1.1.2,2,practice,36,63.27152620531832,1,True,True
93,2025-06-18 20:54:57.888519,chapter_1.1.1.1.1.2,2,practice,25,44.969535275773055,2,True,False
93,2025-07-14 20:54:57.888519,chapter_1.1.1.1.1.3,3,quiz,63,40.17672204583136,2,True,False
93,2025-06-14 20:54:57.888519,chapter_1.1.1.1.1.4,4,project,57,53.28770263055552,3,True,False
93,2025-06-26 20:54:57.888519,chapter_1.1.2.1.2.1,1,video,23,,0,False,True
93,2025-07-09 20:54:57.888519,chapter_1.1.2.1.2.2,2,practice,59,60.50895625961042,1,True,True
93,2025-06-22 20:54:57.888519,chapter_1.1.2.1.2.3,3,quiz,52,52.351926299005804,1,True,False
93,2025-07-09 20:54:57.888519,chapter_1.1.2.1.2.3,3,quiz,17,55.85514053680165,3,True,False
93,2025-07-06 20:54:57.888519,chapter_1.1.2.1.2.3,3,quiz,29,54.33793123163824,2,True,False
93,2025-07-02 20:54:57.888519,chapter_1.1.2.1.2.3,3,quiz,34,57.80465300614263,2,True,False
93,2025-07-11 20:54:57.888519,chapter_1.1.2.1.2.3,3,quiz,44,44.66147719891677,1,True,False
93,2025-06-20 20:54:57.888519,chapter_1.1.2.1.2.3,3,quiz,21,50.15062134961317,3,True,False
93,2025-06-23 20:54:57.888519,chapter_1.1.2.1.2.3,3,quiz,50,50.41759394985297,3,True,False
93,2025-07-02 20:54:57.888519,chapter_1.1.2.1.2.4,4,project,100,38.13036585378365,2,True,False
94,2025-06-30 20:54:57.888519,chapter_1.1.1.1.1.1,1,video,27,,0,False,True
94,2025-06-27 20:54:57.888519,chapter_1.1.1.1.1.2,2,practice,67,47.155911232759586,2,True,False
94,2025-07-13 20:54:57.888519,chapter_1.1.1.1.1.2,2,practice,42,46.810035874934215,2,True,False
94,2025-06-15 20:54:57.888519,chapter_1.1.1.1.1.3,3,quiz,30,31.817998573769987,1,True,False
94,2025-06-21 20:54:57.888519,chapter_1.1.1.1.1.4,4,project,78,24.1048025557058,3,True,False
95,2025-06-22 20:54:57.888519,chapter_1.1.1.1.1.1,1,video,11,,0,False,True
95,2025-07-07 20:54:57.888519,chapter_1.1.1.1.1.2,2,practice,54,56.461192085425125,3,True,False
95,2025-06-28 20:54:57.888519,chapter_1.1.1.1.1.3,3,quiz,56,50.07828202505358,1,True,False
95,2025-06-21 20:54:57.888519,chapter_1.1.1.1.1.3,3,quiz,21,46.3732402614105,3,True,False
95,2025-07-06 20:54:57.888519,chapter_1.1.1.1.1.4,4,project,46,33.75789639917251,3,True,False
95,2025-06-17 20:54:57.888519,chapter_1.1.2.1.2.1,1,video,42,,0,False,True
95,2025-07-01 20:54:57.888519,chapter_1.1.2.1.2.2,2,practice,58,51.928877560151975,1,True,False
95,2025-06-19 20:54:57.888519,chapter_1.1.2.1.2.2,2,practice,84,57.52575260323819,3,True,False
96,2025-07-11 20:54:57.888519,chapter_1.1.1.1.1.1,1,video,6,,0,False,True
96,2025-06-21 20:54:57.888519,chapter_1.1.1.1.1.2,2,practice,26,84.15369913572079,3,True,True
96,2025-06-15 20:54:57.888519,chapter_1.1.1.1.1.3,3,quiz,21,76.81600545424139,2,True,True
96,2025-06-24 20:54:57.888519,chapter_1.1.1.1.1.4,4,project,46,69.46509994661352,2,True,True
96,2025-07-13 20:54:57.888519,chapter_1.1.2.1.2.1,1,video,13,,0,False,True
96,2025-07-02 20:54:57.888519,chapter_1.1.2.1.2.2,2,practice,37,76.70111456945322,3,True,True
96,2025-07-01 20:54:57.888519,chapter_1.1.2.1.2.3,3,quiz,23,64.35600300463838,2,True,True
96,2025-07-11 20:54:57.888519,chapter_1.1.2.1.2.4,4,project,67,77.38253246702041,1,True,True
96,2025-07-08 20:54:57.888519,chapter_1.1.2.1.2.4,4,project,65,69.91180101873366,2,True,True
97,2025-06-15 20:54:57.888519,chapter_1.1.1.1.1.1,1,video,21,,0,False,True
97,2025-06-24 20:54:57.888519,chapter_1.1.1.1.1.2,2,practice,34,76.9132568671887,2,True,True
97,2025-07-06 20:54:57.888519,chapter_1.1.1.1.1.3,3,quiz,22,58.543143011875415,1,True,False
97,2025-06-20 20:54:57.888519,chapter_1.1.1.1.1.4,4,project,70,71.69983757454835,3,True,True
97,2025-06-23 20:54:57.888519,chapter_1.1.2.1.2.1,1,video,16,,0,False,True
97,2025-07-04 20:54:57.888519,chapter_1.1.2.1.2.2,2,practice,26,66.66688736351531,3,True,True
97,2025-07-06 20:54:57.888519,chapter_1.1.2.1.2.3,3,quiz,50,59.52325757708437,2,True,False
97,2025-07-05 20:54:57.888519,chapter_1.1.2.1.2.4,4,project,54,59.091103938541686,3,True,False
98,2025-06-26 20:54:57.888519,chapter_1.1.1.1.1.1,1,video,54,,0,False,True
98,2025-06-23 20:54:57.888519,chapter_1.1.1.1.1.1,1,video,15,,0,False,True
98,2025-06-28 20:54:57.888519,chapter_1.1.1.1.1.2,2,practice,33,38.15070994043363,3,True,False
98,2025-07-05 20:54:57.888519,chapter_1.1.1.1.1.3,3,quiz,39,33.75503101123111,2,True,False
98,2025-06-15 20:54:57.888519,chapter_1.1.1.1.1.3,3,quiz,35,17.205647701850808,2,True,False
98,2025-07-06 20:54:57.888519,chapter_1.1.1.1.1.4,4,project,155,11.967324150049715,1,True,False
98,2025-06-25 20:54:57.888519,chapter_1.1.2.1.2.1,1,video,31,,0,False,True
98,2025-06-23 20:54:57.888519,chapter_1.1.2.1.2.2,2,practice,42,33.58769616675234,1,True,False
98,2025-07-03 20:54:57.888519,chapter_1.1.2.1.2.2,2,practice,65,38.288644575385305,2,True,False
98,2025-07-12 20:54:57.888519,chapter_1.1.2.1.2.2,2,practice,118,38.03637379004452,2,True,False
98,2025-06-24 20:54:57.888519,chapter_1.1.2.1.2.3,3,quiz,82,25.686171239208367,3,True,False
98,2025-06-27 20:54:57.888519,chapter_1.1.2.1.2.3,3,quiz,39,23.439903353734834,3,True,False
98,2025-06-22 20:54:57.888519,chapter_1.1.2.1.2.4,4,project,224,11.262168916503336,2,True,False
99,2025-06-21 20:54:57.888519,chapter_1.1.1.1.1.1,1,video,8,,0,False,True
99,2025-06-16 20:54:57.888519,chapter_1.1.1.1.1.1,1,video,6,,0,False,True
99,2025-07-08 20:54:57.888519,chapter_1.1.1.1.1.2,2,practice,27,82.41735437034748,1,True,True
99,2025-06-20 20:54:57.888519,chapter_1.1.1.1.1.3,3,quiz,21,73.8947225292573,3,True,True
99,2025-07-06 20:54:57.888519,chapter_1.1.1.1.1.4,4,project,43,69.32404045939569,3,True,True
99,2025-07-05 20:54:57.888519,chapter_1.1.2.1.2.1,1,video,20,,0,False,True
99,2025-06-19 20:54:57.888519,chapter_1.1.2.1.2.2,2,practice,17,85.18556264992263,2,True,True
99,2025-06-23 20:54:57.888519,chapter_1.1.2.1.2.3,3,quiz,25,80.23120770875218,3,True,True
99,2025-06-21 20:54:57.888519,chapter_1.1.2.1.2.4,4,project,72,64.31785457628126,2,True,True
100,2025-07-08 20:54:57.889518,chapter_1.1.1.1.1.1,1,video,19,,0,False,True
100,2025-06-28 20:54:57.889518,chapter_1.1.1.1.1.2,2,practice,18,66.18945329856291,2,True,True
100,2025-07-03 20:54:57.889518,chapter_1.1.1.1.1.3,3,quiz,22,70.03322498669719,2,True,True
100,2025-07-02 20:54:57.889518,chapter_1.1.1.1.1.4,4,project,36,56.233974274192505,3,True,False
100,2025-06-27 20:54:57.889518,chapter_1.1.2.1.2.1,1,video,19,,0,False,True
100,2025-07-11 20:54:57.889518,chapter_1.1.2.1.2.2,2,practice,54,67.18182389039555,3,True,True
