userid,courseid,resource_access,quiz_access,hvp_access,forum_access,completion_rate,avg_time_diff,max_time_diff,total_quiz_attempts,pass_rate,total_time_spent,cluster
4.0,5.0,2.0,7.0,3.0,0.0,0.6667,2574.07,104527.0,2.0,0.1429,3530.0,0
1000.0,5.0,3.0,4.0,3.0,3.0,0.4735,4197.97,104398.0,2.0,0.4238,2370.0,1
1001.0,5.0,3.0,4.0,2.0,5.0,0.6872,3087.89,89874.0,1.0,0.0274,3328.0,0
1002.0,5.0,2.0,3.0,4.0,5.0,0.5307,3840.9,104448.0,3.0,0.1971,4457.0,1
1003.0,5.0,0.0,6.0,2.0,3.0,0.7161,2329.67,136545.0,0.0,0.0,1681.0,0
1004.0,5.0,0.0,12.0,1.0,2.0,0.4312,1478.53,158412.0,2.0,0.2782,3992.0,1
1005.0,5.0,4.0,7.0,2.0,2.0,0.8166,1446.43,85175.0,1.0,0.0986,2908.0,0
1006.0,5.0,2.0,2.0,2.0,1.0,0.8124,1653.11,89642.0,0.0,0.0249,3029.0,0
1007.0,5.0,3.0,9.0,3.0,5.0,0.6088,3765.25,91777.0,2.0,0.4112,2273.0,1
1008.0,5.0,0.0,7.0,2.0,4.0,0.7474,3422.18,95557.0,3.0,0.0005,4608.0,0
1009.0,5.0,6.0,0.0,5.0,3.0,0.813,2228.84,106550.0,1.0,0.2968,4111.0,1
1010.0,5.0,4.0,10.0,2.0,0.0,0.3438,3613.69,87729.0,2.0,0.4764,1025.0,1
1011.0,5.0,2.0,6.0,1.0,0.0,0.6082,4550.85,71975.0,1.0,0.0,2360.0,0
1012.0,5.0,4.0,4.0,3.0,1.0,0.7021,1967.55,152703.0,1.0,0.1019,4503.0,1
1013.0,5.0,0.0,7.0,2.0,4.0,0.5634,2581.57,116124.0,2.0,0.4935,4805.0,1
1014.0,5.0,0.0,9.0,1.0,3.0,0.6757,1507.73,116294.0,2.0,0.5582,3978.0,1
1015.0,5.0,0.0,6.0,2.0,1.0,0.7202,3565.6,89883.0,1.0,0.3138,4674.0,1
1016.0,5.0,2.0,4.0,5.0,5.0,0.8812,3117.2,114866.0,2.0,0.2575,3354.0,0
1017.0,5.0,1.0,3.0,5.0,2.0,0.8909,3463.17,63757.0,0.0,0.0493,3393.0,0
1018.0,5.0,4.0,6.0,2.0,3.0,0.6615,4170.99,113661.0,2.0,0.4228,4108.0,1
1019.0,5.0,1.0,7.0,0.0,2.0,0.6346,2418.89,80005.0,1.0,0.0,6028.0,0
1020.0,5.0,1.0,8.0,2.0,3.0,0.6598,1094.09,109051.0,1.0,0.1466,3117.0,0
1021.0,5.0,0.0,6.0,3.0,2.0,0.588,3237.86,122712.0,2.0,0.1595,2348.0,0
1022.0,5.0,1.0,10.0,4.0,2.0,0.6942,4821.54,130540.0,3.0,0.0,2639.0,0
1023.0,5.0,1.0,4.0,3.0,0.0,0.8627,3805.58,93622.0,1.0,0.0125,3539.0,0
1024.0,5.0,1.0,9.0,3.0,3.0,0.6531,236.71,95355.0,5.0,0.2816,2918.0,0
1025.0,5.0,1.0,5.0,3.0,2.0,0.5653,3930.57,68966.0,0.0,0.1963,3511.0,1
1026.0,5.0,4.0,3.0,2.0,5.0,0.5922,1906.12,99049.0,4.0,0.0603,3387.0,0
1027.0,5.0,2.0,5.0,2.0,2.0,0.968,3261.17,130891.0,2.0,0.0,2908.0,0
1028.0,5.0,6.0,1.0,4.0,0.0,0.6813,2836.14,99088.0,1.0,0.4564,3874.0,1
1029.0,5.0,3.0,4.0,3.0,0.0,0.8889,0.0,103987.0,1.0,0.0,3754.0,0
1030.0,5.0,1.0,10.0,3.0,0.0,0.8781,2946.82,97105.0,3.0,0.2836,2925.0,0
1031.0,5.0,2.0,1.0,1.0,3.0,0.6979,1529.25,124694.0,1.0,0.0418,3649.0,0
1032.0,5.0,5.0,5.0,3.0,4.0,0.5488,3138.63,106109.0,2.0,0.2557,5958.0,1
1033.0,5.0,1.0,4.0,1.0,2.0,0.6848,4463.64,116930.0,1.0,0.0152,3416.0,0
1034.0,5.0,3.0,4.0,1.0,3.0,0.7991,4670.52,111272.0,1.0,0.0099,3323.0,0
1035.0,5.0,2.0,5.0,2.0,1.0,0.6494,3275.94,94029.0,3.0,0.0,2276.0,0
1036.0,5.0,1.0,10.0,3.0,2.0,0.8736,3151.27,122754.0,2.0,0.1447,3621.0,0
1037.0,5.0,0.0,11.0,3.0,0.0,0.3586,3479.21,130823.0,0.0,0.0329,4420.0,1
1038.0,5.0,2.0,7.0,4.0,5.0,0.7614,3358.4,114530.0,2.0,0.0,3426.0,0
1039.0,5.0,4.0,3.0,2.0,1.0,0.7153,1025.26,152859.0,1.0,0.1257,2461.0,1
1040.0,5.0,4.0,10.0,5.0,0.0,0.8333,722.14,89482.0,2.0,0.0,1701.0,0
1041.0,5.0,2.0,5.0,5.0,4.0,0.5616,3219.78,94359.0,1.0,0.1461,3330.0,1
1042.0,5.0,3.0,6.0,2.0,4.0,0.6876,2550.65,102286.0,0.0,0.247,2884.0,1
1043.0,5.0,0.0,9.0,3.0,1.0,0.4201,1966.1,70975.0,0.0,0.0755,4007.0,0
1044.0,5.0,1.0,6.0,1.0,0.0,0.713,858.57,58676.0,0.0,0.1258,4150.0,0
1045.0,5.0,2.0,9.0,4.0,4.0,0.4349,2230.03,96879.0,0.0,0.0,3573.0,1
1046.0,5.0,0.0,7.0,2.0,5.0,0.753,3466.0,112842.0,2.0,0.1471,4936.0,0
1047.0,5.0,3.0,10.0,3.0,4.0,0.7785,2491.95,103077.0,4.0,0.0986,3286.0,0
1048.0,5.0,1.0,1.0,2.0,1.0,0.6872,753.19,134304.0,2.0,0.0893,4443.0,0
1049.0,5.0,0.0,8.0,1.0,1.0,0.6581,807.44,119950.0,2.0,0.0,4438.0,0
1050.0,5.0,1.0,7.0,2.0,0.0,0.7642,1552.24,113790.0,2.0,0.2973,3848.0,0
1051.0,5.0,0.0,9.0,3.0,1.0,0.8472,2347.45,127731.0,1.0,0.228,3732.0,0
1052.0,5.0,3.0,7.0,2.0,4.0,0.6433,1786.27,83550.0,2.0,0.0768,4316.0,0
1053.0,5.0,0.0,7.0,0.0,2.0,0.673,3258.09,138726.0,1.0,0.246,3889.0,0
1054.0,5.0,0.0,4.0,3.0,5.0,0.7312,803.7,107498.0,0.0,0.0,2481.0,0
1055.0,5.0,0.0,5.0,4.0,3.0,0.6712,2184.13,137755.0,2.0,0.2381,5400.0,0
1056.0,5.0,2.0,7.0,1.0,1.0,0.6688,4676.72,124402.0,2.0,0.261,4477.0,1
1057.0,5.0,3.0,4.0,5.0,2.0,0.7171,1556.05,102790.0,0.0,0.0537,4831.0,0
1058.0,5.0,1.0,3.0,0.0,5.0,0.9378,1866.41,107905.0,0.0,0.0784,3542.0,0
1059.0,5.0,3.0,1.0,3.0,3.0,0.7456,2954.72,136907.0,2.0,0.4607,4548.0,1
1060.0,5.0,3.0,6.0,2.0,1.0,0.492,4062.23,94850.0,2.0,0.5731,3313.0,1
1061.0,5.0,1.0,13.0,3.0,4.0,0.5863,1320.89,91697.0,3.0,0.2378,2461.0,0
1062.0,5.0,3.0,7.0,2.0,1.0,0.7993,4322.28,109148.0,1.0,0.1278,3930.0,1
1063.0,5.0,2.0,10.0,2.0,2.0,0.5071,2584.06,112620.0,3.0,0.2269,3548.0,1
1064.0,5.0,4.0,7.0,1.0,2.0,0.6839,60.87,124725.0,2.0,0.1763,2760.0,1
1065.0,5.0,5.0,7.0,1.0,5.0,0.2911,6606.59,93126.0,3.0,0.0,3346.0,1
1066.0,5.0,4.0,10.0,4.0,4.0,0.3952,4588.98,99719.0,2.0,0.2316,2090.0,1
1067.0,5.0,2.0,10.0,2.0,4.0,0.6412,4532.19,69691.0,2.0,0.0,3781.0,0
1068.0,5.0,2.0,10.0,3.0,0.0,0.5742,4652.9,106330.0,0.0,0.1151,4037.0,1
1069.0,5.0,3.0,4.0,3.0,4.0,0.6345,4333.83,88144.0,1.0,0.0,3050.0,1
1070.0,5.0,1.0,5.0,5.0,2.0,0.5433,3556.36,98067.0,1.0,0.6198,3804.0,1
1071.0,5.0,1.0,2.0,2.0,5.0,0.7309,5273.75,121958.0,1.0,0.0058,4958.0,0
1072.0,5.0,2.0,11.0,2.0,1.0,0.6002,4624.6,108729.0,3.0,0.1363,3993.0,0
1073.0,5.0,0.0,8.0,1.0,2.0,0.5422,1915.89,81196.0,0.0,0.0386,3584.0,0
1074.0,5.0,3.0,0.0,3.0,1.0,0.8407,2350.86,96610.0,3.0,0.2066,3684.0,0
1075.0,5.0,1.0,10.0,4.0,3.0,0.4166,3902.21,101219.0,3.0,0.0,4292.0,0
1076.0,5.0,3.0,4.0,2.0,1.0,0.8259,0.0,123273.0,3.0,0.0,3836.0,0
1077.0,5.0,0.0,10.0,2.0,5.0,0.5556,3062.49,106416.0,3.0,0.1965,2604.0,0
1078.0,5.0,0.0,8.0,2.0,3.0,0.7968,1677.56,84894.0,1.0,0.0534,2302.0,0
1079.0,5.0,2.0,3.0,3.0,2.0,0.5273,1688.79,161285.0,1.0,0.211,2038.0,1
1080.0,5.0,0.0,7.0,4.0,2.0,0.8846,5550.72,56285.0,3.0,0.1384,4099.0,0
1081.0,5.0,1.0,9.0,0.0,3.0,0.5762,2823.14,98868.0,0.0,0.3515,3736.0,1
1082.0,5.0,6.0,6.0,2.0,3.0,0.2361,4846.8,148400.0,0.0,0.0493,4640.0,1
1083.0,5.0,4.0,3.0,2.0,5.0,0.4825,2874.99,85777.0,2.0,0.4764,4335.0,1
1084.0,5.0,2.0,10.0,3.0,5.0,0.8772,156.51,122128.0,1.0,0.1948,3802.0,0
1085.0,5.0,2.0,9.0,1.0,3.0,0.655,4202.73,99119.0,3.0,0.1886,4597.0,0
1086.0,5.0,0.0,7.0,4.0,1.0,0.7009,1539.03,90567.0,2.0,0.3377,5200.0,0
1087.0,5.0,2.0,2.0,1.0,5.0,1.0,5.78,100775.0,1.0,0.0,3563.0,0
1088.0,5.0,2.0,9.0,4.0,1.0,0.3315,1645.59,97511.0,3.0,0.1071,1823.0,1
1089.0,5.0,3.0,5.0,1.0,3.0,0.6194,2998.54,95236.0,2.0,0.3133,3473.0,1
1090.0,5.0,0.0,5.0,2.0,0.0,0.6816,398.95,71197.0,2.0,0.1678,4046.0,0
1091.0,5.0,3.0,6.0,3.0,2.0,0.6628,2501.82,112802.0,2.0,0.0605,3475.0,0
1092.0,5.0,2.0,8.0,3.0,4.0,0.6901,6395.53,74148.0,0.0,0.3803,5121.0,1
1093.0,5.0,2.0,9.0,2.0,3.0,0.4904,1634.92,102697.0,1.0,0.0,3263.0,0
1094.0,5.0,2.0,9.0,2.0,5.0,0.7821,3339.14,101318.0,0.0,0.1662,4673.0,1
1095.0,5.0,0.0,0.0,1.0,3.0,0.5548,3843.6,114517.0,3.0,0.0,5122.0,0
1096.0,5.0,3.0,7.0,1.0,3.0,0.648,1309.4,109283.0,3.0,0.0,3968.0,0
1097.0,5.0,0.0,3.0,3.0,2.0,0.6925,582.32,67373.0,1.0,0.3912,4834.0,1
1098.0,5.0,1.0,9.0,2.0,0.0,0.4877,3555.63,125280.0,1.0,0.4114,4575.0,1
1099.0,5.0,3.0,9.0,2.0,5.0,0.7778,2053.67,109706.0,2.0,0.0931,2774.0,0
1100.0,5.0,0.0,4.0,2.0,4.0,0.8081,1674.32,60804.0,2.0,0.1104,3068.0,0
1101.0,5.0,1.0,5.0,3.0,2.0,0.7412,2189.14,118596.0,2.0,0.0457,2491.0,0
1102.0,5.0,1.0,9.0,1.0,1.0,0.4224,3504.7,105538.0,1.0,0.1382,3297.0,1
1103.0,5.0,3.0,2.0,2.0,0.0,1.0,0.0,97514.0,1.0,0.2593,3917.0,0
1104.0,5.0,3.0,7.0,1.0,0.0,0.8089,2220.53,119987.0,2.0,0.1481,1549.0,0
1105.0,5.0,4.0,6.0,2.0,2.0,0.6544,4708.66,135006.0,2.0,0.2006,3302.0,1
1106.0,5.0,4.0,5.0,0.0,5.0,1.0,2878.38,91297.0,0.0,0.3359,5198.0,1
1107.0,5.0,2.0,9.0,3.0,0.0,0.4504,1642.0,119967.0,2.0,0.3846,2640.0,1
1108.0,5.0,1.0,9.0,4.0,3.0,0.4643,3692.43,107397.0,2.0,0.2153,4017.0,1
1109.0,5.0,0.0,9.0,3.0,3.0,0.5783,4194.73,112443.0,1.0,0.0483,2192.0,0
1110.0,5.0,1.0,9.0,4.0,0.0,0.4835,1751.13,93557.0,2.0,0.037,2366.0,0
1111.0,5.0,1.0,4.0,3.0,0.0,0.7773,6995.39,105234.0,1.0,0.3036,3721.0,1
1112.0,5.0,0.0,2.0,1.0,1.0,0.7038,3535.61,102640.0,1.0,0.225,2807.0,0
1113.0,5.0,6.0,3.0,3.0,1.0,0.8555,2476.69,101244.0,1.0,0.3359,2656.0,1
1114.0,5.0,1.0,5.0,2.0,5.0,0.8293,3110.55,127284.0,2.0,0.2381,4259.0,0
1115.0,5.0,2.0,9.0,3.0,1.0,0.867,1834.63,147263.0,2.0,0.2974,3210.0,0
1116.0,5.0,0.0,6.0,1.0,2.0,0.7513,0.0,107559.0,2.0,0.0,3000.0,0
1117.0,5.0,1.0,6.0,2.0,2.0,0.497,2654.92,109775.0,2.0,0.2847,3806.0,1
1118.0,5.0,2.0,8.0,1.0,0.0,0.7081,3000.43,129876.0,1.0,0.2949,3740.0,1
1119.0,5.0,2.0,10.0,2.0,5.0,0.6692,3999.0,104963.0,3.0,0.1677,4855.0,0
1120.0,5.0,0.0,7.0,3.0,3.0,0.542,1020.1,93283.0,4.0,0.4286,4078.0,0
1121.0,5.0,2.0,2.0,2.0,1.0,0.7995,1108.8,114403.0,0.0,0.0,4535.0,0
1122.0,5.0,0.0,11.0,3.0,1.0,0.5876,0.0,140731.0,0.0,0.2246,3927.0,0
1123.0,5.0,2.0,8.0,1.0,5.0,0.7834,2701.67,113195.0,0.0,0.3064,4172.0,1
1124.0,5.0,1.0,3.0,3.0,3.0,0.5483,2203.0,122889.0,1.0,0.1938,4151.0,1
1125.0,5.0,4.0,11.0,2.0,4.0,0.4511,4433.3,80898.0,1.0,0.2237,2298.0,1
1126.0,5.0,5.0,7.0,2.0,1.0,0.6015,1440.81,101339.0,2.0,0.1185,3331.0,1
1127.0,5.0,2.0,5.0,3.0,5.0,0.6443,2290.37,111193.0,2.0,0.3001,4202.0,1
1128.0,5.0,1.0,8.0,4.0,4.0,0.8551,1048.18,109737.0,1.0,0.4588,3400.0,1
1129.0,5.0,0.0,7.0,3.0,3.0,0.6053,3039.17,94134.0,1.0,0.2002,3235.0,0
1130.0,5.0,2.0,11.0,1.0,1.0,0.5076,2299.54,97096.0,0.0,0.0782,4566.0,1
1131.0,5.0,3.0,6.0,4.0,3.0,0.8628,0.0,131507.0,0.0,0.2706,3292.0,1
1132.0,5.0,0.0,7.0,3.0,5.0,0.8444,3522.8,90237.0,2.0,0.402,4622.0,0
1133.0,5.0,0.0,9.0,4.0,0.0,0.7642,3690.46,35872.0,3.0,0.1459,3461.0,0
1134.0,5.0,1.0,9.0,3.0,4.0,0.6967,853.91,96046.0,2.0,0.099,3401.0,0
1135.0,5.0,2.0,9.0,2.0,1.0,0.4494,0.0,127581.0,2.0,0.277,3591.0,1
1136.0,5.0,1.0,6.0,2.0,0.0,0.7117,1365.89,96676.0,3.0,0.0311,3924.0,0
1137.0,5.0,2.0,0.0,0.0,3.0,0.6904,2589.94,77762.0,2.0,0.2124,2826.0,0
1138.0,5.0,1.0,6.0,2.0,1.0,0.9686,1119.83,94991.0,3.0,0.0713,3542.0,0
1139.0,5.0,2.0,9.0,4.0,3.0,0.5684,3303.82,87860.0,3.0,0.1285,4321.0,0
1140.0,5.0,4.0,9.0,2.0,4.0,0.7638,4987.52,60131.0,1.0,0.1545,4280.0,1
1141.0,5.0,0.0,6.0,2.0,3.0,0.5394,4179.49,91548.0,0.0,0.0,2536.0,0
1142.0,5.0,2.0,4.0,2.0,1.0,0.5753,1900.45,92314.0,3.0,0.002,3242.0,0
1143.0,5.0,1.0,6.0,2.0,4.0,0.6932,1515.38,119411.0,3.0,0.1052,3249.0,0
1144.0,5.0,1.0,5.0,3.0,1.0,0.5277,4116.43,107911.0,0.0,0.3027,4147.0,1
1145.0,5.0,1.0,9.0,4.0,2.0,0.7371,3658.35,87272.0,2.0,0.1925,4939.0,0
1146.0,5.0,0.0,5.0,4.0,0.0,0.8874,0.0,115538.0,0.0,0.2604,2337.0,0
1147.0,5.0,3.0,5.0,1.0,2.0,0.8212,1864.26,94849.0,2.0,0.0,4081.0,0
1148.0,5.0,2.0,4.0,2.0,1.0,0.6592,1276.96,134704.0,3.0,0.0792,3390.0,0
1149.0,5.0,1.0,8.0,2.0,5.0,0.7484,1059.25,106901.0,1.0,0.0966,2731.0,0
1150.0,5.0,3.0,12.0,1.0,3.0,0.8017,1992.81,108646.0,2.0,0.315,5271.0,1
1151.0,5.0,2.0,7.0,2.0,2.0,0.528,0.0,111397.0,1.0,0.485,4342.0,1
1152.0,5.0,2.0,10.0,3.0,1.0,0.7032,2572.21,106532.0,1.0,0.2027,3705.0,1
1153.0,5.0,5.0,3.0,2.0,5.0,0.654,509.47,124277.0,3.0,0.5083,2896.0,1
1154.0,5.0,3.0,6.0,4.0,5.0,0.6737,3467.5,100178.0,1.0,0.3314,2902.0,1
1155.0,5.0,2.0,7.0,4.0,3.0,0.7098,1915.74,90153.0,1.0,0.155,4384.0,0
1156.0,5.0,2.0,5.0,3.0,4.0,0.6132,2620.57,82987.0,2.0,0.4758,2858.0,1
1157.0,5.0,1.0,10.0,1.0,4.0,0.5637,692.3,99652.0,3.0,0.0157,4547.0,0
1158.0,5.0,1.0,9.0,2.0,5.0,0.677,2963.75,82045.0,2.0,0.3496,4170.0,1
1159.0,5.0,2.0,7.0,3.0,3.0,0.8361,2033.89,100586.0,1.0,0.3078,2723.0,1
1160.0,5.0,2.0,2.0,3.0,2.0,0.5391,3092.65,95137.0,1.0,0.0,3716.0,0
1161.0,5.0,0.0,10.0,3.0,2.0,0.6114,3318.99,142384.0,1.0,0.0,3288.0,0
1162.0,5.0,2.0,8.0,3.0,0.0,0.7452,2202.56,65142.0,2.0,0.1229,3392.0,0
1163.0,5.0,3.0,2.0,2.0,3.0,0.5504,1998.9,115704.0,3.0,0.1811,2249.0,1
1164.0,5.0,1.0,6.0,3.0,4.0,0.4472,1763.58,135165.0,1.0,0.3929,4235.0,1
1165.0,5.0,3.0,10.0,3.0,1.0,0.7237,3644.53,129614.0,3.0,0.3449,3782.0,1
1166.0,5.0,4.0,3.0,2.0,5.0,0.5492,3628.46,125725.0,0.0,0.2923,3721.0,1
1167.0,5.0,2.0,10.0,1.0,1.0,0.4891,1806.93,91776.0,2.0,0.2985,2904.0,1
1168.0,5.0,4.0,4.0,2.0,4.0,0.5827,3804.44,103587.0,1.0,0.2379,3855.0,1
1169.0,5.0,2.0,3.0,3.0,1.0,0.4243,0.0,77033.0,3.0,0.1102,4009.0,0
1170.0,5.0,2.0,5.0,1.0,0.0,0.4321,3372.04,119954.0,1.0,0.0,2900.0,1
1171.0,5.0,4.0,5.0,3.0,0.0,0.7231,3762.09,111057.0,1.0,0.2202,3923.0,1
1172.0,5.0,0.0,6.0,5.0,4.0,0.484,3304.67,72439.0,0.0,0.1081,3081.0,1
1173.0,5.0,0.0,9.0,2.0,0.0,0.566,3120.12,101417.0,4.0,0.31,2683.0,0
1174.0,5.0,2.0,6.0,5.0,5.0,0.6501,3753.6,75667.0,2.0,0.1737,2168.0,1
1175.0,5.0,2.0,3.0,3.0,3.0,0.5553,3041.37,97102.0,2.0,0.247,3574.0,1
1176.0,5.0,1.0,8.0,3.0,0.0,0.7232,0.0,108851.0,1.0,0.0,2108.0,0
1177.0,5.0,1.0,6.0,3.0,2.0,0.4944,2997.94,97711.0,4.0,0.1254,2843.0,0
1178.0,5.0,3.0,8.0,3.0,1.0,0.662,748.76,72048.0,3.0,0.1614,3599.0,0
1179.0,5.0,4.0,7.0,0.0,3.0,0.6083,2946.99,130607.0,3.0,0.0,2182.0,0
1180.0,5.0,0.0,6.0,2.0,0.0,0.6616,3290.14,126760.0,1.0,0.0134,3648.0,0
1181.0,5.0,0.0,3.0,3.0,1.0,0.6535,900.27,85263.0,2.0,0.0,2149.0,0
1182.0,5.0,3.0,10.0,4.0,5.0,0.5076,3561.76,131018.0,2.0,0.1678,4521.0,1
1183.0,5.0,1.0,9.0,4.0,1.0,0.6143,3117.67,141685.0,2.0,0.0,4209.0,0
1184.0,5.0,2.0,7.0,5.0,1.0,0.6105,2280.37,122840.0,1.0,0.0,2874.0,0
1185.0,5.0,3.0,5.0,2.0,3.0,0.6654,2088.4,114508.0,1.0,0.0442,2871.0,0
1186.0,5.0,2.0,9.0,1.0,3.0,0.6783,2198.6,79586.0,1.0,0.0065,2976.0,0
1187.0,5.0,1.0,5.0,3.0,2.0,0.7927,4203.43,123369.0,2.0,0.0626,2900.0,0
1188.0,5.0,1.0,6.0,2.0,0.0,0.674,49.7,107342.0,1.0,0.2438,2276.0,0
1189.0,5.0,0.0,5.0,2.0,1.0,0.4052,2578.25,128617.0,0.0,0.4045,2890.0,1
1190.0,5.0,1.0,2.0,2.0,4.0,0.5682,2417.78,90298.0,3.0,0.5074,3416.0,1
1191.0,5.0,0.0,5.0,3.0,4.0,0.5789,2760.82,107352.0,1.0,0.3966,3919.0,1
1192.0,5.0,3.0,7.0,2.0,3.0,0.6531,3525.0,96222.0,2.0,0.0008,2848.0,0
1193.0,5.0,2.0,4.0,3.0,5.0,0.6784,1743.09,139608.0,2.0,0.0,3757.0,0
1194.0,5.0,4.0,7.0,2.0,4.0,0.5385,3087.02,72952.0,1.0,0.0749,4055.0,1
1195.0,5.0,2.0,9.0,4.0,1.0,0.7188,600.57,82004.0,3.0,0.0,4533.0,0
1196.0,5.0,1.0,5.0,3.0,4.0,0.7657,2079.6,125154.0,3.0,0.0859,4082.0,0
1197.0,5.0,2.0,6.0,2.0,5.0,0.3306,2375.13,127743.0,0.0,0.0573,3200.0,1
1198.0,5.0,1.0,0.0,2.0,5.0,0.572,4486.82,121475.0,1.0,0.0547,2965.0,0
1199.0,5.0,3.0,11.0,3.0,0.0,0.6986,1992.16,102169.0,1.0,0.1458,4236.0,1
1200.0,5.0,3.0,1.0,4.0,5.0,0.7065,3775.1,88960.0,0.0,0.1709,4532.0,1
1201.0,5.0,1.0,9.0,3.0,2.0,0.4484,2365.48,137357.0,1.0,0.0,3635.0,0
1202.0,5.0,1.0,3.0,0.0,4.0,0.9796,1978.2,160323.0,1.0,0.2843,4379.0,0
1203.0,5.0,2.0,7.0,2.0,3.0,0.339,3839.54,97862.0,0.0,0.4044,3689.0,1
1204.0,5.0,1.0,9.0,1.0,3.0,0.7814,2867.45,138306.0,2.0,0.321,2957.0,0
1205.0,5.0,4.0,6.0,3.0,2.0,0.4701,2041.21,67711.0,1.0,0.199,3799.0,1
1206.0,5.0,0.0,9.0,3.0,1.0,0.7731,1014.64,93650.0,1.0,0.3764,3179.0,0
1207.0,5.0,0.0,14.0,2.0,4.0,0.7934,1134.9,88745.0,2.0,0.2031,4348.0,0
1208.0,5.0,1.0,7.0,3.0,3.0,0.7455,1716.23,77224.0,1.0,0.2518,4238.0,0
1209.0,5.0,1.0,10.0,1.0,4.0,0.6844,1603.49,111152.0,1.0,0.361,2609.0,1
1210.0,5.0,1.0,7.0,1.0,5.0,0.8127,3749.75,109079.0,2.0,0.0762,4364.0,0
1211.0,5.0,2.0,5.0,3.0,5.0,0.5703,1260.22,100184.0,3.0,0.0144,4741.0,0
1212.0,5.0,1.0,5.0,2.0,2.0,0.7229,779.6,132077.0,2.0,0.022,4323.0,0
1213.0,5.0,1.0,14.0,2.0,4.0,0.7876,2440.99,91587.0,1.0,0.0,4098.0,0
1214.0,5.0,5.0,6.0,3.0,2.0,0.6435,1658.92,108986.0,1.0,0.277,4423.0,1
1215.0,5.0,3.0,5.0,3.0,4.0,0.4846,1881.14,110564.0,1.0,0.1162,3635.0,1
1216.0,5.0,6.0,10.0,2.0,3.0,0.6313,1868.03,108252.0,2.0,0.0,2563.0,1
1217.0,5.0,0.0,4.0,0.0,5.0,0.6729,696.94,83808.0,1.0,0.2367,5352.0,0
1218.0,5.0,4.0,9.0,3.0,1.0,0.5965,3976.63,116099.0,3.0,0.2848,4401.0,1
1219.0,5.0,2.0,4.0,2.0,2.0,0.6164,4228.19,86050.0,2.0,0.2039,3224.0,1
1220.0,5.0,3.0,7.0,4.0,4.0,0.7346,3025.49,79034.0,2.0,0.0087,3869.0,0
1221.0,5.0,0.0,5.0,3.0,4.0,0.6869,2885.77,80871.0,1.0,0.1717,4007.0,0
1222.0,5.0,2.0,9.0,1.0,1.0,0.7041,3199.69,142643.0,1.0,0.0,4619.0,0
1223.0,5.0,2.0,9.0,2.0,5.0,0.628,5421.86,118591.0,1.0,0.4766,2651.0,1
1224.0,5.0,1.0,2.0,4.0,5.0,0.7033,3170.36,98882.0,1.0,0.1352,5457.0,0
1225.0,5.0,2.0,8.0,1.0,0.0,0.821,6282.18,91792.0,2.0,0.523,4281.0,1
1226.0,5.0,1.0,8.0,1.0,2.0,0.9097,4484.42,119443.0,1.0,0.2649,3667.0,0
1227.0,5.0,1.0,9.0,4.0,5.0,0.9769,338.22,127322.0,1.0,0.0,3867.0,0
1228.0,5.0,1.0,3.0,1.0,2.0,0.7341,395.22,133661.0,1.0,0.1619,2823.0,0
1229.0,5.0,1.0,5.0,1.0,1.0,0.6093,3751.02,105581.0,2.0,0.0563,3093.0,0
1230.0,5.0,3.0,4.0,5.0,0.0,0.5007,0.0,87609.0,0.0,0.1376,2521.0,1
1231.0,5.0,0.0,5.0,3.0,3.0,0.6817,0.0,112122.0,2.0,0.0,4607.0,0
1232.0,5.0,1.0,3.0,2.0,5.0,0.6236,4661.85,127008.0,2.0,0.0,3038.0,0
1233.0,5.0,0.0,8.0,2.0,2.0,0.7289,1993.13,153074.0,3.0,0.3578,3887.0,0
1234.0,5.0,1.0,2.0,4.0,3.0,0.4746,3350.25,113044.0,4.0,0.211,2573.0,0
1235.0,5.0,4.0,7.0,3.0,5.0,0.7883,3000.98,93209.0,1.0,0.001,3704.0,0
1236.0,5.0,1.0,6.0,4.0,1.0,0.8728,409.17,112950.0,0.0,0.0,3035.0,0
1237.0,5.0,0.0,8.0,3.0,0.0,0.6612,2096.84,109155.0,2.0,0.2084,3301.0,0
1238.0,5.0,1.0,2.0,2.0,5.0,0.7472,1948.68,81436.0,1.0,0.0,3143.0,0
1239.0,5.0,0.0,8.0,2.0,4.0,0.633,313.42,85168.0,3.0,0.5254,4652.0,1
1240.0,5.0,1.0,3.0,3.0,3.0,0.6387,419.4,112185.0,1.0,0.1906,4570.0,0
1241.0,5.0,1.0,7.0,2.0,5.0,0.4725,1399.64,114892.0,0.0,0.1642,4381.0,1
1242.0,5.0,1.0,6.0,5.0,0.0,0.7453,171.66,60830.0,1.0,0.1856,3409.0,0
1243.0,5.0,3.0,6.0,4.0,4.0,0.7745,4329.93,135872.0,1.0,0.0,3268.0,0
1244.0,5.0,2.0,8.0,4.0,5.0,0.8505,777.43,96256.0,2.0,0.0,2980.0,0
1245.0,5.0,2.0,4.0,4.0,2.0,0.6885,2185.11,89631.0,2.0,0.2538,3043.0,1
1246.0,5.0,1.0,6.0,1.0,4.0,0.5631,2165.12,101067.0,0.0,0.4083,2254.0,1
1247.0,5.0,1.0,5.0,2.0,0.0,0.7778,1380.76,87337.0,0.0,0.0,1918.0,0
1248.0,5.0,2.0,8.0,2.0,3.0,0.6993,3548.39,111285.0,2.0,0.1139,3297.0,0
1249.0,5.0,3.0,6.0,2.0,5.0,0.6228,8822.06,87324.0,2.0,0.0,3162.0,1
1250.0,5.0,1.0,0.0,2.0,5.0,0.7827,5430.82,124728.0,1.0,0.3317,2653.0,1
1251.0,5.0,0.0,12.0,4.0,2.0,0.6388,4525.05,110747.0,2.0,0.2626,3840.0,0
1252.0,5.0,2.0,2.0,3.0,5.0,0.8413,5011.9,106180.0,2.0,0.0,3923.0,0
1253.0,5.0,1.0,7.0,1.0,2.0,0.7015,4145.67,94749.0,1.0,0.0,3655.0,0
1254.0,5.0,3.0,6.0,1.0,2.0,0.6377,3501.5,89710.0,1.0,0.3983,3319.0,1
1255.0,5.0,3.0,5.0,2.0,5.0,0.6458,4983.12,85233.0,0.0,0.2758,3229.0,1
1256.0,5.0,0.0,12.0,3.0,5.0,0.5784,1331.53,91595.0,0.0,0.0,2756.0,0
1257.0,5.0,3.0,5.0,2.0,5.0,0.6714,4526.44,95396.0,0.0,0.0926,2509.0,1
1258.0,5.0,0.0,7.0,3.0,0.0,0.9828,2942.06,79815.0,4.0,0.247,3957.0,0
1259.0,5.0,6.0,5.0,2.0,3.0,0.5699,1390.05,95951.0,1.0,0.1101,2897.0,1
1260.0,5.0,1.0,4.0,2.0,1.0,0.7035,4196.22,102152.0,0.0,0.2272,3963.0,1
1261.0,5.0,0.0,6.0,1.0,3.0,0.8382,6276.17,95595.0,1.0,0.0425,2446.0,0
1262.0,5.0,2.0,8.0,3.0,5.0,0.4496,4648.59,132896.0,1.0,0.428,3593.0,1
1263.0,5.0,1.0,12.0,1.0,0.0,0.8995,1329.99,107396.0,3.0,0.1463,3849.0,0
1264.0,5.0,2.0,12.0,2.0,5.0,0.6046,3741.83,62841.0,1.0,0.3005,3188.0,1
1265.0,5.0,3.0,3.0,4.0,0.0,0.613,1645.69,77247.0,1.0,0.006,3427.0,0
1266.0,5.0,1.0,11.0,3.0,0.0,0.8857,2317.46,97600.0,1.0,0.0,3856.0,0
1267.0,5.0,2.0,8.0,4.0,4.0,0.4946,3910.35,103054.0,2.0,0.5498,4971.0,1
1268.0,5.0,0.0,3.0,1.0,5.0,0.4592,2932.19,114062.0,3.0,0.4749,4356.0,1
1269.0,5.0,0.0,8.0,3.0,4.0,0.6804,1420.54,135521.0,1.0,0.0061,3468.0,0
1270.0,5.0,1.0,7.0,3.0,3.0,1.0,4912.91,118709.0,2.0,0.565,3722.0,1
1271.0,5.0,1.0,7.0,3.0,0.0,1.0,1461.65,97441.0,2.0,0.3087,3865.0,0
1272.0,5.0,3.0,8.0,1.0,3.0,0.7399,4714.67,74286.0,0.0,0.3031,2064.0,1
1273.0,5.0,4.0,0.0,4.0,1.0,0.8188,1028.32,105979.0,1.0,0.5016,2842.0,1
1274.0,5.0,2.0,7.0,3.0,3.0,0.2667,0.0,116444.0,1.0,0.3519,3490.0,1
1275.0,5.0,0.0,4.0,2.0,3.0,0.5447,5069.24,108794.0,1.0,0.1352,4049.0,1
1276.0,5.0,2.0,6.0,3.0,5.0,0.7328,316.85,95109.0,0.0,0.0709,3488.0,0
1277.0,5.0,1.0,6.0,1.0,4.0,0.5602,2692.26,109101.0,0.0,0.5302,2242.0,1
1278.0,5.0,2.0,8.0,1.0,5.0,0.6441,3522.23,99701.0,2.0,0.2302,4533.0,1
1279.0,5.0,1.0,3.0,3.0,2.0,0.675,3460.08,86614.0,2.0,0.5497,4129.0,1
1280.0,5.0,1.0,12.0,2.0,0.0,0.9039,2389.75,132684.0,3.0,0.0,3480.0,0
1281.0,5.0,1.0,3.0,4.0,0.0,0.6887,0.0,104977.0,3.0,0.279,3965.0,0
1282.0,5.0,0.0,9.0,1.0,2.0,0.3615,2923.34,107235.0,3.0,0.2803,3003.0,1
1283.0,5.0,0.0,7.0,3.0,1.0,0.8574,1086.51,72950.0,1.0,0.1213,3871.0,0
1284.0,5.0,0.0,5.0,2.0,2.0,0.5162,1150.81,124712.0,1.0,0.0446,2122.0,0
1285.0,5.0,3.0,5.0,4.0,4.0,0.778,4834.42,87914.0,3.0,0.0,3426.0,0
1286.0,5.0,1.0,5.0,4.0,2.0,0.482,623.23,78987.0,1.0,0.0,3040.0,0
1287.0,5.0,0.0,8.0,3.0,3.0,0.5941,1752.96,140128.0,1.0,0.0,1904.0,0
1288.0,5.0,3.0,9.0,3.0,0.0,0.7184,1530.85,115113.0,3.0,0.2914,2644.0,1
1289.0,5.0,2.0,8.0,1.0,1.0,0.5513,3547.72,83712.0,2.0,0.5637,3177.0,1
1290.0,5.0,2.0,8.0,3.0,1.0,0.9114,3155.36,87488.0,2.0,0.1555,3884.0,0
1291.0,5.0,0.0,2.0,1.0,0.0,0.3752,2084.82,117632.0,1.0,0.1646,3741.0,1
1292.0,5.0,1.0,2.0,3.0,0.0,0.6568,4570.92,110363.0,3.0,0.0,4173.0,0
1293.0,5.0,3.0,4.0,3.0,0.0,0.6959,2551.47,91661.0,2.0,0.0952,3714.0,0
1294.0,5.0,1.0,12.0,2.0,3.0,0.7386,3657.67,105680.0,4.0,0.0929,3130.0,0
1295.0,5.0,4.0,7.0,2.0,0.0,0.8286,1679.01,81990.0,1.0,0.07,3725.0,0
1296.0,5.0,4.0,12.0,2.0,3.0,0.7055,1586.46,131099.0,2.0,0.1598,3730.0,1
1297.0,5.0,1.0,1.0,1.0,3.0,0.7644,2975.74,83021.0,2.0,0.0654,3682.0,0
1298.0,5.0,2.0,5.0,3.0,4.0,0.5101,830.96,96588.0,2.0,0.1427,4295.0,0
1299.0,5.0,2.0,14.0,3.0,2.0,0.4407,5065.53,109184.0,1.0,0.0102,1702.0,1
1300.0,5.0,2.0,6.0,2.0,2.0,0.5882,268.26,116817.0,1.0,0.0546,3867.0,0
1301.0,5.0,2.0,8.0,3.0,3.0,0.6461,4018.99,93479.0,2.0,0.0,3957.0,0
1302.0,5.0,2.0,5.0,1.0,1.0,0.5868,3103.05,95748.0,2.0,0.0,2770.0,0
1303.0,5.0,3.0,6.0,1.0,0.0,0.5149,1848.25,147471.0,1.0,0.2423,2284.0,1
1304.0,5.0,0.0,9.0,4.0,2.0,0.6668,3278.81,109904.0,3.0,0.2882,2828.0,0
1305.0,5.0,1.0,10.0,3.0,0.0,0.7399,1797.7,140818.0,1.0,0.0,3630.0,0
1306.0,5.0,1.0,8.0,3.0,2.0,0.7917,1412.69,107005.0,2.0,0.0,3933.0,0
1307.0,5.0,2.0,6.0,5.0,5.0,0.5713,4596.7,107928.0,2.0,0.0,2789.0,0
1308.0,5.0,3.0,2.0,2.0,2.0,0.5818,236.34,88179.0,1.0,0.0,3554.0,0
1309.0,5.0,0.0,8.0,4.0,5.0,0.6576,2148.35,78016.0,2.0,0.0939,4341.0,0
1310.0,5.0,2.0,5.0,3.0,3.0,0.7381,2068.4,68174.0,3.0,0.0,3100.0,0
1311.0,5.0,2.0,3.0,3.0,0.0,0.4694,0.0,128740.0,0.0,0.0372,2574.0,1
1312.0,5.0,0.0,6.0,2.0,3.0,0.7178,4369.04,84017.0,2.0,0.1152,2821.0,0
1313.0,5.0,1.0,3.0,2.0,3.0,0.6334,644.14,101075.0,2.0,0.2846,4685.0,0
1314.0,5.0,0.0,0.0,5.0,0.0,0.5945,3331.4,95677.0,1.0,0.013,3299.0,0
1315.0,5.0,0.0,3.0,1.0,3.0,0.7793,1940.61,117399.0,2.0,0.0,2616.0,0
1316.0,5.0,4.0,4.0,1.0,5.0,0.5022,4415.12,127587.0,3.0,0.1045,3470.0,1
1317.0,5.0,1.0,7.0,2.0,1.0,0.5453,4677.47,106237.0,2.0,0.4113,4614.0,1
1318.0,5.0,0.0,9.0,2.0,3.0,0.4881,1999.72,118064.0,2.0,0.1499,3023.0,0
1319.0,5.0,1.0,3.0,4.0,5.0,0.9601,1818.75,98271.0,2.0,0.4461,3734.0,0
1320.0,5.0,1.0,7.0,2.0,3.0,0.846,3899.33,89865.0,0.0,0.1355,3279.0,0
1321.0,5.0,3.0,2.0,3.0,1.0,0.7085,1610.59,90783.0,0.0,0.3466,3406.0,1
1322.0,5.0,2.0,2.0,2.0,3.0,0.7376,1580.13,142438.0,2.0,0.0979,3223.0,0
1323.0,5.0,0.0,9.0,1.0,3.0,0.5812,2990.87,98721.0,0.0,0.4579,4492.0,1
1324.0,5.0,2.0,9.0,2.0,5.0,0.7115,3116.31,111655.0,2.0,0.6076,3985.0,1
1325.0,5.0,2.0,2.0,2.0,0.0,0.726,1913.57,113766.0,1.0,0.0825,3450.0,0
1326.0,5.0,0.0,11.0,4.0,4.0,0.6877,1791.69,86594.0,2.0,0.0739,2795.0,0
1327.0,5.0,4.0,4.0,3.0,1.0,0.9692,0.0,123456.0,2.0,0.3742,4632.0,1
1328.0,5.0,2.0,11.0,5.0,2.0,0.4495,3565.16,77868.0,2.0,0.4647,3600.0,1
1329.0,5.0,0.0,9.0,2.0,0.0,0.4267,483.3,108080.0,3.0,0.1097,1647.0,0
1330.0,5.0,2.0,4.0,2.0,0.0,0.5976,2381.43,68280.0,2.0,0.0,3224.0,0
1331.0,5.0,0.0,3.0,2.0,2.0,0.3964,2605.37,101518.0,1.0,0.1674,3014.0,1
1332.0,5.0,2.0,11.0,3.0,1.0,0.5263,528.99,103640.0,3.0,0.0829,3855.0,0
1333.0,5.0,0.0,5.0,4.0,1.0,0.6815,3797.79,87064.0,2.0,0.0,3019.0,0
1334.0,5.0,0.0,6.0,3.0,2.0,0.8004,3529.24,115215.0,1.0,0.416,3732.0,1
1335.0,5.0,2.0,5.0,1.0,4.0,0.908,3374.97,90173.0,3.0,0.266,3568.0,0
1336.0,5.0,0.0,9.0,5.0,2.0,0.5216,3053.51,70837.0,2.0,0.0,3874.0,0
1337.0,5.0,3.0,3.0,3.0,2.0,0.4014,2331.85,82162.0,1.0,0.1028,2774.0,1
1338.0,5.0,1.0,12.0,2.0,1.0,0.6757,2849.25,89565.0,2.0,0.0,3352.0,0
1339.0,5.0,4.0,1.0,4.0,4.0,0.5988,2168.23,82056.0,0.0,0.0578,4310.0,1
1340.0,5.0,1.0,11.0,2.0,1.0,0.4762,1841.07,103824.0,1.0,0.2003,3543.0,1
1341.0,5.0,2.0,9.0,1.0,4.0,0.4475,2727.35,62050.0,1.0,0.0,3642.0,1
1342.0,5.0,4.0,4.0,3.0,4.0,0.9531,0.0,95260.0,3.0,0.1904,3606.0,0
1343.0,5.0,3.0,6.0,2.0,2.0,0.962,2064.3,98422.0,2.0,0.0,3482.0,0
1344.0,5.0,1.0,8.0,2.0,4.0,0.7852,4115.8,82546.0,1.0,0.0739,2366.0,0
1345.0,5.0,0.0,3.0,4.0,1.0,0.5883,3294.46,95543.0,1.0,0.0,2869.0,0
1346.0,5.0,0.0,8.0,1.0,5.0,0.5423,3052.66,107902.0,1.0,0.0104,4647.0,0
1347.0,5.0,2.0,11.0,0.0,4.0,0.5602,383.58,105372.0,2.0,0.1912,2806.0,0
1348.0,5.0,0.0,6.0,2.0,4.0,0.7013,3048.21,149271.0,2.0,0.0895,3830.0,0
1349.0,5.0,2.0,4.0,3.0,5.0,0.6258,550.71,96101.0,2.0,0.3017,2949.0,1
1350.0,5.0,1.0,2.0,1.0,1.0,0.4519,3016.88,118149.0,1.0,0.3503,4603.0,1
1351.0,5.0,4.0,6.0,5.0,1.0,0.6829,4053.61,54880.0,0.0,0.2706,2788.0,1
1352.0,5.0,4.0,7.0,2.0,5.0,0.7264,3398.44,69494.0,0.0,0.377,3720.0,1
1353.0,5.0,4.0,7.0,1.0,2.0,0.6425,950.89,128703.0,2.0,0.0,2618.0,0
1354.0,5.0,1.0,7.0,3.0,2.0,0.513,1377.36,128604.0,1.0,0.0,3717.0,0
1355.0,5.0,1.0,8.0,0.0,4.0,0.8026,1243.28,134209.0,2.0,0.0347,3377.0,0
1356.0,5.0,2.0,9.0,2.0,1.0,0.4648,3627.16,116351.0,0.0,0.1624,2587.0,1
1357.0,5.0,2.0,11.0,1.0,5.0,0.7782,1814.42,103391.0,1.0,0.0581,2983.0,0
1358.0,5.0,2.0,8.0,2.0,0.0,0.4832,3513.05,107480.0,2.0,0.5672,4352.0,1
1359.0,5.0,0.0,3.0,3.0,2.0,0.9379,3401.52,151291.0,0.0,0.3284,4207.0,0
1360.0,5.0,0.0,11.0,3.0,5.0,0.6316,3705.04,107672.0,1.0,0.0,4690.0,0
1361.0,5.0,3.0,9.0,3.0,3.0,0.6616,2424.11,100442.0,3.0,0.0781,3204.0,0
1362.0,5.0,4.0,10.0,3.0,4.0,0.6793,716.77,109372.0,0.0,0.2469,4541.0,1
1363.0,5.0,0.0,9.0,1.0,1.0,0.7866,2806.0,118728.0,1.0,0.1144,4431.0,0
1364.0,5.0,3.0,2.0,1.0,1.0,0.4738,3377.78,81382.0,2.0,0.1886,3668.0,1
1365.0,5.0,1.0,2.0,2.0,0.0,0.6929,2060.72,128145.0,0.0,0.0,3495.0,0
1366.0,5.0,3.0,5.0,2.0,4.0,0.5488,4393.19,107824.0,0.0,0.7577,4758.0,1
1367.0,5.0,3.0,4.0,4.0,1.0,0.8884,0.0,82806.0,1.0,0.0,4562.0,0
1368.0,5.0,3.0,8.0,3.0,2.0,0.6668,313.0,81675.0,1.0,0.3809,3149.0,1
1369.0,5.0,1.0,6.0,2.0,5.0,0.6296,361.94,88667.0,3.0,0.3152,3815.0,0
1370.0,5.0,1.0,0.0,3.0,0.0,0.5343,2723.76,95215.0,2.0,0.1488,4074.0,0
1371.0,5.0,2.0,4.0,0.0,1.0,0.6351,3706.86,109691.0,0.0,0.0,4191.0,0
1372.0,5.0,2.0,5.0,0.0,4.0,0.5382,2432.87,94662.0,1.0,0.0,3750.0,0
1373.0,5.0,0.0,10.0,2.0,5.0,0.9367,2552.26,129360.0,3.0,0.0108,2965.0,0
1374.0,5.0,0.0,8.0,2.0,4.0,0.4741,781.86,83557.0,2.0,0.1522,4152.0,0
1375.0,5.0,3.0,8.0,2.0,1.0,0.6594,768.6,106538.0,1.0,0.1022,3700.0,0
1376.0,5.0,0.0,9.0,5.0,2.0,0.6131,2781.04,81056.0,0.0,0.196,3728.0,1
1377.0,5.0,2.0,12.0,2.0,0.0,0.5179,0.0,134554.0,2.0,0.1926,2664.0,1
1378.0,5.0,4.0,8.0,4.0,4.0,0.6268,560.1,87867.0,1.0,0.1685,3568.0,1
1379.0,5.0,2.0,4.0,1.0,4.0,0.6361,3805.69,145799.0,1.0,0.1159,4936.0,1
1380.0,5.0,0.0,9.0,2.0,5.0,0.8373,0.0,96059.0,1.0,0.1592,3715.0,0
1381.0,5.0,0.0,1.0,3.0,0.0,0.7246,1694.04,125506.0,3.0,0.5279,5307.0,1
1382.0,5.0,3.0,8.0,2.0,3.0,0.8886,1079.3,77057.0,2.0,0.0,3204.0,0
1383.0,5.0,1.0,5.0,4.0,5.0,0.5723,2718.66,132105.0,2.0,0.0,4548.0,0
1384.0,5.0,0.0,6.0,5.0,1.0,0.6575,2874.38,112336.0,1.0,0.0,3700.0,0
1385.0,5.0,4.0,3.0,1.0,1.0,0.7335,689.11,114102.0,2.0,0.3703,2202.0,1
1386.0,5.0,0.0,7.0,3.0,2.0,0.4825,1168.15,95707.0,3.0,0.3441,4004.0,1
1387.0,5.0,2.0,1.0,3.0,0.0,0.5133,4376.55,91069.0,3.0,0.0,2355.0,0
1388.0,5.0,1.0,5.0,3.0,5.0,0.6248,3030.03,128494.0,2.0,0.2224,2529.0,0
1389.0,5.0,3.0,0.0,3.0,2.0,0.675,2966.58,123906.0,1.0,0.0,4022.0,0
1390.0,5.0,2.0,5.0,3.0,3.0,0.6165,3490.52,101681.0,2.0,0.0158,3583.0,0
1391.0,5.0,1.0,4.0,2.0,2.0,0.862,2473.55,104330.0,2.0,0.2867,2707.0,0
1392.0,5.0,4.0,6.0,2.0,2.0,0.5296,820.61,97187.0,0.0,0.3222,4565.0,1
1393.0,5.0,0.0,3.0,1.0,3.0,0.4743,1284.86,109921.0,3.0,0.0739,3675.0,0
1394.0,5.0,2.0,6.0,1.0,2.0,0.475,3687.1,121646.0,1.0,0.0,3545.0,1
1395.0,5.0,1.0,10.0,1.0,0.0,0.7294,2122.86,98690.0,3.0,0.0,4439.0,0
1396.0,5.0,3.0,5.0,1.0,0.0,0.4566,0.0,123937.0,4.0,0.2844,3885.0,1
1397.0,5.0,4.0,6.0,4.0,2.0,0.8251,2216.79,110507.0,2.0,0.1169,3882.0,0
1398.0,5.0,1.0,1.0,0.0,5.0,0.8764,1312.02,91790.0,2.0,0.4581,4586.0,0
1399.0,5.0,0.0,10.0,1.0,1.0,0.7213,4706.08,95699.0,3.0,0.0,3490.0,0
1400.0,5.0,0.0,6.0,1.0,4.0,0.691,1025.74,97204.0,2.0,0.2863,4323.0,0
1401.0,5.0,0.0,6.0,2.0,5.0,0.5412,3627.62,87335.0,3.0,0.076,4912.0,0
1402.0,5.0,4.0,2.0,3.0,1.0,0.3001,3399.72,63929.0,1.0,0.0411,2568.0,1
1403.0,5.0,4.0,6.0,2.0,4.0,0.6201,2904.23,84709.0,0.0,0.0,2792.0,1
1404.0,5.0,0.0,5.0,1.0,1.0,0.5173,4592.81,72813.0,2.0,0.0298,3890.0,0
1405.0,5.0,2.0,5.0,2.0,3.0,0.4715,2539.0,93429.0,3.0,0.0755,4276.0,0
1406.0,5.0,0.0,7.0,3.0,1.0,0.9038,1556.52,128166.0,1.0,0.111,2685.0,0
1407.0,5.0,0.0,9.0,3.0,3.0,0.6555,0.0,69589.0,0.0,0.1043,1703.0,0
1408.0,5.0,2.0,9.0,1.0,2.0,0.5074,1732.74,95255.0,0.0,0.4275,3698.0,1
1409.0,5.0,3.0,11.0,3.0,0.0,0.4224,2078.09,82962.0,1.0,0.4111,4060.0,1
1410.0,5.0,2.0,7.0,3.0,4.0,0.8354,2129.56,101744.0,3.0,0.3674,3304.0,0
1411.0,5.0,3.0,4.0,3.0,1.0,0.6604,7.34,130581.0,1.0,0.3861,3527.0,1
1412.0,5.0,0.0,4.0,2.0,2.0,0.8627,2535.37,105556.0,2.0,0.0,2521.0,0
1413.0,5.0,2.0,6.0,3.0,2.0,0.7095,4322.43,106265.0,1.0,0.0,3894.0,0
1414.0,5.0,1.0,5.0,1.0,0.0,0.479,5138.03,130753.0,0.0,0.0,2309.0,1
1415.0,5.0,1.0,4.0,2.0,5.0,0.6998,3139.09,83414.0,3.0,0.3376,3659.0,0
1416.0,5.0,1.0,9.0,2.0,5.0,0.3731,2401.96,93085.0,3.0,0.3545,2915.0,1
1417.0,5.0,1.0,4.0,3.0,3.0,0.2778,4843.89,121428.0,1.0,0.3824,3622.0,1
1418.0,5.0,2.0,4.0,4.0,3.0,0.714,2748.63,97149.0,2.0,0.079,4627.0,0
1419.0,5.0,1.0,6.0,2.0,0.0,0.5152,3604.26,105456.0,2.0,0.5152,2895.0,1
1420.0,5.0,2.0,7.0,2.0,3.0,0.6204,3320.32,92526.0,0.0,0.1916,2926.0,1
1421.0,5.0,3.0,7.0,4.0,0.0,0.5622,3990.16,92258.0,2.0,0.0475,4162.0,1
1422.0,5.0,1.0,8.0,3.0,2.0,0.7284,4214.65,112145.0,1.0,0.0196,3550.0,0
1423.0,5.0,0.0,9.0,2.0,5.0,0.5006,3765.45,101532.0,1.0,0.0,3856.0,0
1424.0,5.0,1.0,5.0,4.0,1.0,0.5579,3293.54,108913.0,0.0,0.2717,3097.0,1
1425.0,5.0,4.0,9.0,2.0,5.0,0.7584,1103.99,92302.0,2.0,0.0,3645.0,0
1426.0,5.0,3.0,9.0,3.0,3.0,0.8354,1413.78,100539.0,2.0,0.1621,2186.0,0
1427.0,5.0,2.0,0.0,1.0,5.0,0.5711,1338.13,105919.0,0.0,0.0,3761.0,0
1428.0,5.0,3.0,7.0,2.0,2.0,0.7202,2199.73,92158.0,1.0,0.257,3071.0,1
1429.0,5.0,2.0,5.0,3.0,2.0,0.6008,1366.59,102734.0,3.0,0.1349,3259.0,0
1430.0,5.0,1.0,9.0,2.0,1.0,0.587,4146.82,107721.0,2.0,0.3511,3623.0,1
1431.0,5.0,2.0,8.0,2.0,0.0,0.8133,2492.27,96274.0,3.0,0.1178,4450.0,0
1432.0,5.0,0.0,6.0,3.0,2.0,0.5386,2617.05,84507.0,3.0,0.3305,1462.0,0
1433.0,5.0,2.0,6.0,4.0,3.0,0.8277,3981.86,140202.0,1.0,0.0213,3516.0,0
1434.0,5.0,2.0,0.0,3.0,1.0,0.6744,745.03,79105.0,1.0,0.0096,2329.0,0
1435.0,5.0,0.0,5.0,1.0,3.0,0.3772,3431.35,143298.0,0.0,0.2287,2418.0,1
1436.0,5.0,2.0,4.0,2.0,1.0,0.3577,2104.36,103974.0,2.0,0.4713,3202.0,1
1437.0,5.0,3.0,6.0,5.0,5.0,0.6691,936.85,106768.0,3.0,0.0562,4049.0,0
1438.0,5.0,3.0,3.0,3.0,1.0,0.6111,3083.93,100752.0,2.0,0.0,2792.0,0
1439.0,5.0,2.0,12.0,3.0,5.0,0.6647,1478.79,150016.0,2.0,0.4005,4223.0,1
1440.0,5.0,4.0,14.0,4.0,2.0,0.8691,2420.21,69546.0,1.0,0.0456,2763.0,0
1441.0,5.0,4.0,7.0,3.0,2.0,0.7124,1526.07,110164.0,1.0,0.1837,2157.0,1
1442.0,5.0,0.0,10.0,0.0,3.0,0.5555,2373.5,96923.0,1.0,0.5887,3955.0,1
1443.0,5.0,4.0,9.0,1.0,1.0,0.7528,3624.49,130942.0,1.0,0.5016,2752.0,1
1444.0,5.0,3.0,4.0,4.0,4.0,0.916,1764.43,115628.0,1.0,0.4966,3183.0,1
1445.0,5.0,3.0,8.0,2.0,2.0,0.69,0.0,84742.0,1.0,0.0,4404.0,0
1446.0,5.0,0.0,9.0,4.0,5.0,0.4731,907.47,88419.0,3.0,0.0,3206.0,0
1447.0,5.0,2.0,4.0,3.0,2.0,0.7643,3475.69,96573.0,1.0,0.0,2961.0,0
1448.0,5.0,2.0,0.0,4.0,2.0,0.5022,2971.93,96708.0,2.0,0.1105,3172.0,1
1449.0,5.0,2.0,7.0,2.0,3.0,0.7387,5086.93,91203.0,3.0,0.299,1217.0,1
1450.0,5.0,4.0,4.0,3.0,5.0,0.8483,2215.76,81582.0,2.0,0.0,3274.0,0
1451.0,5.0,1.0,6.0,3.0,3.0,0.9293,3128.51,102053.0,1.0,0.0,4093.0,0
1452.0,5.0,0.0,3.0,5.0,3.0,0.8207,0.0,136838.0,1.0,0.1936,2406.0,0
1453.0,5.0,0.0,4.0,4.0,5.0,0.5672,4242.1,92593.0,0.0,0.2983,4073.0,1
1454.0,5.0,4.0,3.0,3.0,4.0,0.6289,2858.92,59327.0,1.0,0.4418,2867.0,1
1455.0,5.0,2.0,14.0,2.0,1.0,0.7355,2519.91,123564.0,3.0,0.1821,3204.0,0
1456.0,5.0,1.0,5.0,3.0,0.0,0.9333,3913.88,103941.0,2.0,0.0,3098.0,0
1457.0,5.0,3.0,6.0,2.0,0.0,0.9155,2015.98,136691.0,1.0,0.0,2444.0,0
1458.0,5.0,3.0,2.0,2.0,3.0,0.5349,1881.41,146491.0,3.0,0.3904,2998.0,1
1459.0,5.0,2.0,7.0,2.0,3.0,0.7037,2038.95,110704.0,1.0,0.0,4508.0,0
1460.0,5.0,3.0,5.0,1.0,0.0,0.7032,1285.19,103532.0,3.0,0.0147,3497.0,0
1461.0,5.0,0.0,12.0,1.0,1.0,0.5337,832.88,122916.0,3.0,0.5128,4452.0,1
1462.0,5.0,0.0,7.0,3.0,3.0,0.5178,2722.52,95463.0,1.0,0.0571,3444.0,0
1463.0,5.0,0.0,8.0,0.0,2.0,0.7202,3397.01,82481.0,0.0,0.2028,2298.0,0
1464.0,5.0,3.0,2.0,2.0,3.0,0.8913,2133.36,103184.0,0.0,0.0,5709.0,0
1465.0,5.0,2.0,7.0,3.0,0.0,0.7255,292.18,92556.0,2.0,0.1271,3686.0,0
1466.0,5.0,3.0,3.0,3.0,1.0,0.7116,4720.18,83979.0,4.0,0.0306,5040.0,0
1467.0,5.0,1.0,0.0,3.0,1.0,0.6044,4594.3,132633.0,1.0,0.6629,4500.0,1
1468.0,5.0,1.0,4.0,2.0,0.0,0.449,1290.48,101027.0,2.0,0.2248,3684.0,1
1469.0,5.0,3.0,9.0,2.0,3.0,0.6911,2800.97,104985.0,2.0,0.3575,3691.0,1
1470.0,5.0,2.0,6.0,3.0,5.0,0.8132,3447.26,113990.0,2.0,0.1395,3147.0,0
1471.0,5.0,2.0,11.0,3.0,5.0,0.5132,3873.55,104796.0,2.0,0.5337,4668.0,1
1472.0,5.0,2.0,2.0,0.0,1.0,0.5571,1778.82,121730.0,2.0,0.0,4043.0,0
1473.0,5.0,1.0,7.0,2.0,1.0,0.6277,756.41,98911.0,0.0,0.0579,2469.0,0
1474.0,5.0,3.0,11.0,2.0,4.0,0.636,4449.19,97306.0,1.0,0.0147,2072.0,1
1475.0,5.0,2.0,7.0,3.0,5.0,0.5246,2107.78,79131.0,3.0,0.5662,3862.0,1
1476.0,5.0,0.0,5.0,4.0,5.0,0.9474,1584.38,135840.0,1.0,0.1661,2868.0,0
1477.0,5.0,1.0,9.0,2.0,4.0,0.7696,2102.68,121430.0,1.0,0.0,3568.0,0
1478.0,5.0,2.0,3.0,3.0,4.0,0.7066,3486.41,115047.0,1.0,0.0158,3378.0,0
1479.0,5.0,1.0,11.0,3.0,5.0,0.8648,4823.03,108740.0,2.0,0.3037,2985.0,0
1480.0,5.0,2.0,0.0,4.0,2.0,0.6996,4195.77,79165.0,0.0,0.0211,4454.0,0
1481.0,5.0,0.0,8.0,4.0,2.0,0.7633,1633.34,81478.0,1.0,0.0,4192.0,0
1482.0,5.0,2.0,8.0,2.0,0.0,0.5496,3597.97,101235.0,1.0,0.2232,3890.0,1
1483.0,5.0,4.0,4.0,5.0,5.0,0.6964,0.0,126873.0,2.0,0.0,4617.0,0
1484.0,5.0,0.0,9.0,3.0,3.0,0.5911,1473.52,120359.0,2.0,0.1481,3556.0,0
1485.0,5.0,2.0,7.0,1.0,3.0,0.6255,4064.48,84075.0,2.0,0.1499,4581.0,1
1486.0,5.0,0.0,2.0,2.0,1.0,0.8096,3150.15,99399.0,1.0,0.0,3995.0,0
1487.0,5.0,1.0,3.0,1.0,4.0,0.8075,699.38,95474.0,1.0,0.2367,2466.0,0
1488.0,5.0,3.0,8.0,1.0,4.0,0.6173,2221.07,97895.0,2.0,0.0,4773.0,0
1489.0,5.0,1.0,6.0,1.0,4.0,0.7507,2147.88,103792.0,2.0,0.0,2786.0,0
1490.0,5.0,3.0,3.0,4.0,3.0,0.7029,2646.49,127312.0,0.0,0.452,2755.0,1
1491.0,5.0,3.0,6.0,4.0,2.0,0.9059,2331.45,102557.0,0.0,0.2305,2451.0,1
1492.0,5.0,4.0,8.0,3.0,3.0,0.3782,153.19,137234.0,1.0,0.1229,4960.0,1
1493.0,5.0,4.0,12.0,1.0,5.0,0.7236,2231.4,94274.0,2.0,0.174,4938.0,1
1494.0,5.0,1.0,6.0,4.0,1.0,0.5644,1889.9,125087.0,4.0,0.337,4201.0,0
1495.0,5.0,1.0,9.0,5.0,1.0,0.7108,1540.69,100593.0,3.0,0.0,2561.0,0
1496.0,5.0,2.0,4.0,2.0,3.0,0.7393,2671.25,116391.0,0.0,0.1669,4034.0,1
1497.0,5.0,2.0,7.0,5.0,2.0,0.653,922.99,87877.0,2.0,0.2684,5855.0,1
1498.0,5.0,0.0,6.0,3.0,4.0,0.5177,1622.99,90020.0,2.0,0.5911,3687.0,1
1499.0,5.0,1.0,5.0,2.0,2.0,0.5866,4264.76,93869.0,0.0,0.0753,2788.0,1
1500.0,5.0,0.0,8.0,4.0,3.0,0.6348,2701.11,124178.0,1.0,0.3225,2783.0,1
1501.0,5.0,1.0,3.0,2.0,3.0,0.7254,2541.86,88777.0,1.0,0.0979,2844.0,0
1502.0,5.0,5.0,12.0,3.0,1.0,0.6671,2382.04,101890.0,2.0,0.671,5080.0,1
1503.0,5.0,0.0,12.0,3.0,3.0,0.5257,4541.32,129870.0,1.0,0.0252,4848.0,0
1504.0,5.0,2.0,5.0,1.0,1.0,0.6508,267.33,78992.0,1.0,0.0,3749.0,0
1505.0,5.0,0.0,5.0,2.0,2.0,0.7547,3325.31,103399.0,0.0,0.448,2554.0,1
1506.0,5.0,2.0,9.0,1.0,5.0,0.917,2326.45,109151.0,0.0,0.2144,3390.0,0
1507.0,5.0,0.0,1.0,3.0,4.0,0.7193,394.82,111613.0,3.0,0.2837,3220.0,0
1508.0,5.0,4.0,5.0,3.0,2.0,0.927,3667.32,110365.0,1.0,0.2044,3421.0,1
1509.0,5.0,2.0,2.0,3.0,0.0,0.5444,3022.21,85386.0,1.0,0.1151,2308.0,1
1510.0,5.0,1.0,8.0,1.0,1.0,0.4892,268.36,94524.0,0.0,0.0,3396.0,0
1511.0,5.0,0.0,7.0,3.0,4.0,0.7714,5239.26,94545.0,2.0,0.0,2802.0,0
1512.0,5.0,0.0,9.0,1.0,5.0,0.7517,3046.07,94791.0,3.0,0.0703,3675.0,0
1513.0,5.0,2.0,6.0,1.0,3.0,0.4469,2354.31,105294.0,3.0,0.0,4059.0,0
1514.0,5.0,2.0,8.0,2.0,1.0,0.5983,4134.02,105585.0,1.0,0.4452,4150.0,1
1515.0,5.0,2.0,7.0,2.0,5.0,0.695,3862.08,96221.0,2.0,0.1755,4791.0,0
1516.0,5.0,3.0,8.0,3.0,5.0,0.4577,2351.09,110903.0,1.0,0.0478,3420.0,1
1517.0,5.0,1.0,4.0,2.0,3.0,0.7658,0.0,121754.0,2.0,0.0376,4962.0,0
1518.0,5.0,0.0,10.0,3.0,5.0,0.6403,3427.57,110716.0,2.0,0.3101,3482.0,0
1519.0,5.0,0.0,8.0,3.0,3.0,0.6997,1165.39,131809.0,1.0,0.2713,3676.0,0
1520.0,5.0,0.0,6.0,3.0,3.0,1.0,3231.07,121068.0,1.0,0.379,3128.0,0
1521.0,5.0,1.0,11.0,2.0,1.0,0.8,4022.9,127671.0,1.0,0.0477,4650.0,0
1522.0,5.0,2.0,7.0,3.0,1.0,0.344,3177.62,105013.0,1.0,0.0021,2627.0,1
1523.0,5.0,1.0,5.0,1.0,0.0,0.7873,2694.75,87673.0,2.0,0.0,2472.0,0
1524.0,5.0,3.0,4.0,3.0,0.0,0.7516,3368.59,100363.0,2.0,0.0989,4542.0,0
1525.0,5.0,2.0,7.0,3.0,4.0,0.7783,2669.18,124831.0,3.0,0.1659,3954.0,0
1526.0,5.0,0.0,6.0,0.0,5.0,0.7761,3650.26,112487.0,1.0,0.4505,2381.0,1
1527.0,5.0,2.0,5.0,3.0,3.0,0.884,3804.57,107418.0,1.0,0.0754,2891.0,0
1528.0,5.0,1.0,4.0,1.0,5.0,0.5007,1572.11,100131.0,3.0,0.0531,4665.0,0
1529.0,5.0,3.0,6.0,2.0,3.0,0.5292,7006.84,118939.0,2.0,0.0,3824.0,1
1530.0,5.0,1.0,4.0,0.0,4.0,0.4946,6439.06,115371.0,1.0,0.5455,2519.0,1
1531.0,5.0,1.0,5.0,2.0,4.0,0.5167,4728.86,97315.0,1.0,0.0,2874.0,0
1532.0,5.0,2.0,5.0,3.0,2.0,0.6423,3982.59,66627.0,1.0,0.0,3448.0,0
1533.0,5.0,1.0,7.0,3.0,5.0,0.4761,2486.83,77329.0,1.0,0.1086,4619.0,1
1534.0,5.0,1.0,0.0,1.0,1.0,0.7791,2844.45,120109.0,1.0,0.1305,2616.0,0
1535.0,5.0,1.0,6.0,4.0,4.0,0.6644,3520.61,102882.0,2.0,0.0,2162.0,0
1536.0,5.0,1.0,4.0,3.0,2.0,0.8229,1880.9,119426.0,0.0,0.0776,4371.0,0
1537.0,5.0,0.0,6.0,1.0,1.0,0.625,1611.33,111057.0,2.0,0.2957,3724.0,0
1538.0,5.0,0.0,12.0,4.0,2.0,0.7004,2855.64,115245.0,2.0,0.0,4310.0,0
1539.0,5.0,2.0,8.0,2.0,5.0,0.4557,4079.61,94324.0,3.0,0.4248,3530.0,1
1540.0,5.0,0.0,3.0,2.0,5.0,0.5262,666.15,92889.0,2.0,0.4124,1954.0,1
1541.0,5.0,2.0,9.0,3.0,4.0,0.5959,4596.11,113768.0,0.0,0.0659,2280.0,1
1542.0,5.0,0.0,3.0,2.0,0.0,0.7632,0.0,106582.0,1.0,0.0,2889.0,0
1543.0,5.0,2.0,6.0,3.0,3.0,0.6777,3729.88,129998.0,1.0,0.3792,3640.0,1
1544.0,5.0,0.0,9.0,2.0,3.0,0.9129,2743.11,69542.0,1.0,0.0377,4402.0,0
1545.0,5.0,1.0,6.0,2.0,3.0,0.581,3211.43,86577.0,1.0,0.0537,3057.0,0
1546.0,5.0,0.0,7.0,3.0,0.0,0.8317,4009.19,109679.0,1.0,0.177,4042.0,0
1547.0,5.0,2.0,7.0,2.0,0.0,0.6286,4230.45,79946.0,1.0,0.3556,3411.0,1
1548.0,5.0,1.0,7.0,2.0,0.0,0.6077,0.0,114925.0,1.0,0.2709,3144.0,1
1549.0,5.0,2.0,1.0,2.0,4.0,0.5711,2548.3,98565.0,1.0,0.2557,3747.0,1
1550.0,5.0,1.0,9.0,3.0,4.0,1.0,2491.01,86054.0,2.0,0.344,3470.0,0
1551.0,5.0,1.0,8.0,4.0,4.0,0.7546,53.1,98485.0,1.0,0.0,2479.0,0
1552.0,5.0,2.0,10.0,3.0,2.0,0.6413,2018.17,139163.0,1.0,0.0,3372.0,0
1553.0,5.0,3.0,14.0,3.0,0.0,0.7818,452.82,130688.0,3.0,0.1751,1521.0,0
1554.0,5.0,1.0,6.0,3.0,1.0,0.6634,3789.33,68892.0,1.0,0.0,3744.0,0
1555.0,5.0,1.0,8.0,1.0,4.0,0.7625,2065.56,84167.0,0.0,0.6223,3923.0,1
1556.0,5.0,3.0,7.0,4.0,3.0,0.7252,1501.05,94522.0,0.0,0.4233,3155.0,1
1557.0,5.0,0.0,7.0,1.0,5.0,0.8034,3757.58,112722.0,1.0,0.29,2793.0,0
1558.0,5.0,1.0,4.0,4.0,4.0,0.7907,1780.31,82869.0,2.0,0.0,2963.0,0
1559.0,5.0,0.0,5.0,2.0,1.0,0.6539,1607.2,85689.0,2.0,0.0,2631.0,0
1560.0,5.0,0.0,4.0,3.0,1.0,0.5824,5231.98,129573.0,1.0,0.567,3176.0,1
1561.0,5.0,3.0,8.0,0.0,3.0,0.7322,1232.28,131279.0,3.0,0.2702,4011.0,0
1562.0,5.0,3.0,5.0,2.0,0.0,0.6119,401.67,156033.0,2.0,0.2444,3727.0,1
1563.0,5.0,3.0,6.0,3.0,5.0,0.9724,2713.84,74507.0,2.0,0.5269,3630.0,1
1564.0,5.0,0.0,7.0,3.0,4.0,0.6617,1089.1,104037.0,0.0,0.0,3606.0,0
1565.0,5.0,1.0,11.0,4.0,4.0,0.5403,1924.05,107382.0,2.0,0.6853,4214.0,1
1566.0,5.0,4.0,7.0,2.0,3.0,1.0,3412.11,123898.0,1.0,0.0,4860.0,0
1567.0,5.0,0.0,9.0,1.0,3.0,0.5344,1333.01,126314.0,3.0,0.2893,3168.0,0
1568.0,5.0,0.0,11.0,4.0,2.0,0.4735,5242.45,79847.0,1.0,0.1759,1962.0,1
1569.0,5.0,0.0,9.0,5.0,0.0,0.7871,4016.74,79592.0,1.0,0.0,3189.0,0
1570.0,5.0,0.0,12.0,1.0,5.0,0.712,2476.22,82515.0,1.0,0.2944,3445.0,0
1571.0,5.0,0.0,2.0,4.0,5.0,0.7048,5740.9,106964.0,1.0,0.0,4028.0,0
1572.0,5.0,2.0,2.0,2.0,3.0,0.8077,2036.1,93816.0,2.0,0.3539,3124.0,1
1573.0,5.0,3.0,8.0,4.0,3.0,0.7516,2825.11,92518.0,2.0,0.0,3556.0,0
1574.0,5.0,1.0,7.0,2.0,5.0,0.7315,2228.39,89604.0,2.0,0.2713,3774.0,0
1575.0,5.0,0.0,7.0,2.0,4.0,0.7568,1618.27,106275.0,1.0,0.0453,4608.0,0
1576.0,5.0,3.0,5.0,2.0,1.0,0.5384,2445.52,104428.0,2.0,0.0836,3735.0,1
1577.0,5.0,1.0,7.0,5.0,3.0,0.5578,4468.51,121036.0,0.0,0.1348,3124.0,1
1578.0,5.0,1.0,5.0,2.0,1.0,1.0,0.0,108055.0,1.0,0.0192,3397.0,0
1579.0,5.0,3.0,7.0,0.0,3.0,0.6766,3382.15,125234.0,1.0,0.1614,3332.0,1
1580.0,5.0,2.0,7.0,1.0,4.0,0.8919,0.0,117807.0,1.0,0.0,3692.0,0
1581.0,5.0,2.0,10.0,3.0,5.0,0.817,2819.19,70055.0,2.0,0.1659,4179.0,0
1582.0,5.0,3.0,5.0,3.0,1.0,0.6354,64.87,141815.0,1.0,0.3142,3060.0,1
1583.0,5.0,4.0,10.0,2.0,3.0,0.5701,4541.65,117683.0,3.0,0.2991,2523.0,1
1584.0,5.0,0.0,9.0,4.0,4.0,0.853,0.0,102907.0,2.0,0.0,2074.0,0
1585.0,5.0,0.0,6.0,4.0,3.0,0.8512,3414.09,66530.0,3.0,0.1156,2944.0,0
1586.0,5.0,0.0,5.0,2.0,3.0,0.8124,3018.76,109401.0,4.0,0.0,3707.0,0
1587.0,5.0,2.0,7.0,2.0,3.0,0.749,4950.54,98072.0,1.0,0.0,3249.0,0
1588.0,5.0,2.0,6.0,1.0,1.0,0.784,791.09,103666.0,3.0,0.156,3103.0,0
1589.0,5.0,2.0,4.0,4.0,2.0,0.6758,1853.91,79054.0,1.0,0.0,4001.0,0
1590.0,5.0,0.0,0.0,1.0,5.0,0.5923,2745.01,131312.0,0.0,0.2776,3776.0,1
1591.0,5.0,2.0,3.0,2.0,4.0,0.682,3317.68,100320.0,0.0,0.0176,2676.0,0
1592.0,5.0,3.0,10.0,2.0,2.0,0.7051,3554.69,94020.0,1.0,0.0,3281.0,0
1593.0,5.0,3.0,11.0,2.0,1.0,0.7786,4394.45,105798.0,3.0,0.2345,4814.0,1
1594.0,5.0,3.0,10.0,0.0,1.0,0.5847,4826.54,87335.0,3.0,0.1481,3569.0,1
1595.0,5.0,1.0,6.0,2.0,1.0,0.5922,2227.55,115102.0,2.0,0.0,2714.0,0
1596.0,5.0,3.0,7.0,3.0,3.0,0.7069,1335.35,96752.0,1.0,0.1851,3993.0,1
1597.0,5.0,3.0,10.0,4.0,0.0,0.6913,2104.67,139078.0,0.0,0.1439,3495.0,1
1598.0,5.0,0.0,8.0,3.0,4.0,0.6952,3093.93,134147.0,2.0,0.2974,3016.0,0
1599.0,5.0,2.0,5.0,3.0,2.0,0.6728,3098.61,108021.0,0.0,0.035,4338.0,0
1600.0,5.0,3.0,14.0,2.0,3.0,0.6352,1309.62,94854.0,0.0,0.232,4502.0,1
1601.0,5.0,4.0,12.0,2.0,1.0,0.4602,1961.42,136274.0,1.0,0.1591,3836.0,1
1602.0,5.0,0.0,10.0,1.0,1.0,0.5387,3706.37,101874.0,2.0,0.0356,4377.0,0
1603.0,5.0,1.0,5.0,2.0,2.0,0.5428,3779.67,112790.0,2.0,0.1989,5121.0,1
1604.0,5.0,4.0,2.0,2.0,4.0,0.3435,1275.61,111239.0,2.0,0.0453,4309.0,1
1605.0,5.0,0.0,5.0,2.0,2.0,0.5031,3886.75,134246.0,2.0,0.0,3726.0,0
1606.0,5.0,3.0,9.0,3.0,2.0,0.7352,4336.36,135527.0,1.0,0.4078,4507.0,1
1607.0,5.0,2.0,8.0,1.0,3.0,0.6345,3671.98,117270.0,2.0,0.0863,4391.0,0
1608.0,5.0,0.0,5.0,3.0,0.0,1.0,2003.48,112999.0,1.0,0.0,3314.0,0
1609.0,5.0,1.0,5.0,2.0,0.0,0.921,570.24,117796.0,3.0,0.3116,3147.0,0
1610.0,5.0,1.0,7.0,1.0,0.0,0.566,4008.95,131164.0,1.0,0.2887,4798.0,1
1611.0,5.0,0.0,6.0,4.0,1.0,0.3774,1900.04,94041.0,1.0,0.0,4075.0,0
1612.0,5.0,0.0,9.0,2.0,5.0,0.708,1648.33,74664.0,1.0,0.2799,4341.0,0
1613.0,5.0,1.0,8.0,1.0,5.0,0.5764,1746.14,65193.0,0.0,0.2446,2874.0,1
1614.0,5.0,0.0,6.0,3.0,5.0,0.7642,3394.7,84114.0,0.0,0.4039,4406.0,1
1615.0,5.0,1.0,6.0,4.0,0.0,0.5699,4051.81,112029.0,1.0,0.0,4987.0,0
1616.0,5.0,2.0,4.0,4.0,1.0,0.505,3736.85,94925.0,2.0,0.1253,3161.0,1
1617.0,5.0,3.0,8.0,2.0,4.0,0.8466,3372.66,93316.0,2.0,0.0193,3657.0,0
1618.0,5.0,1.0,6.0,3.0,4.0,0.7034,1116.51,129993.0,1.0,0.0,4028.0,0
1619.0,5.0,4.0,4.0,3.0,1.0,0.7344,1481.4,82571.0,1.0,0.0,3244.0,0
1620.0,5.0,3.0,8.0,4.0,5.0,0.7557,3044.16,130044.0,2.0,0.11,3963.0,0
1621.0,5.0,3.0,9.0,5.0,4.0,0.5288,814.84,139343.0,1.0,0.0,3269.0,0
1622.0,5.0,3.0,3.0,3.0,2.0,0.5654,0.0,126667.0,1.0,0.4923,3047.0,1
1623.0,5.0,2.0,8.0,2.0,4.0,0.3183,3019.28,98856.0,0.0,0.0528,3046.0,1
1624.0,5.0,2.0,8.0,2.0,5.0,0.594,3274.99,99375.0,4.0,0.0,3200.0,0
1625.0,5.0,1.0,7.0,3.0,1.0,0.4239,2630.06,78306.0,2.0,0.2124,2358.0,1
1626.0,5.0,0.0,3.0,2.0,3.0,0.4277,4710.56,99952.0,1.0,0.0,2911.0,0
1627.0,5.0,1.0,3.0,3.0,0.0,0.8,3056.46,105044.0,2.0,0.0025,4522.0,0
1628.0,5.0,1.0,4.0,5.0,4.0,0.5202,1182.82,106195.0,3.0,0.2322,2939.0,0
1629.0,5.0,3.0,9.0,2.0,3.0,0.6191,165.11,115593.0,2.0,0.4708,3377.0,1
1630.0,5.0,0.0,9.0,4.0,1.0,0.648,2767.46,94971.0,1.0,0.1513,3557.0,0
1631.0,5.0,3.0,6.0,1.0,2.0,0.7053,1791.75,126146.0,2.0,0.0,3721.0,0
1632.0,5.0,4.0,6.0,1.0,1.0,0.9031,2617.02,100076.0,2.0,0.0,3212.0,0
1633.0,5.0,4.0,8.0,3.0,3.0,0.5948,4598.88,101723.0,1.0,0.4045,4287.0,1
1634.0,5.0,2.0,8.0,6.0,1.0,0.8353,2806.15,142027.0,1.0,0.5783,3364.0,1
1635.0,5.0,1.0,5.0,3.0,4.0,0.6784,2625.24,120239.0,2.0,0.193,4447.0,0
1636.0,5.0,0.0,0.0,3.0,0.0,0.5542,1085.13,118240.0,1.0,0.1723,2954.0,0
1637.0,5.0,0.0,10.0,2.0,1.0,0.9782,3210.29,157419.0,2.0,0.6875,2234.0,1
1638.0,5.0,2.0,10.0,3.0,3.0,0.6603,2336.55,124982.0,1.0,0.2642,4158.0,1
1639.0,5.0,0.0,8.0,0.0,4.0,0.4383,2175.81,105654.0,2.0,0.0884,4244.0,0
1640.0,5.0,2.0,6.0,3.0,1.0,0.6288,3002.61,95281.0,2.0,0.2849,1443.0,1
1641.0,5.0,2.0,6.0,3.0,5.0,0.8787,3547.38,80767.0,3.0,0.0192,4351.0,0
1642.0,5.0,1.0,4.0,1.0,4.0,0.6669,2036.13,112246.0,2.0,0.1379,3937.0,0
1643.0,5.0,1.0,3.0,4.0,5.0,0.8322,2486.35,97646.0,2.0,0.0,3227.0,0
1644.0,5.0,3.0,9.0,3.0,4.0,0.9818,0.0,81034.0,0.0,0.0538,5344.0,0
1645.0,5.0,0.0,4.0,3.0,2.0,0.6764,1670.91,104930.0,3.0,0.0768,3436.0,0
1646.0,5.0,2.0,9.0,4.0,2.0,0.6378,2709.18,103767.0,3.0,0.2251,4330.0,0
1647.0,5.0,2.0,5.0,1.0,5.0,0.6276,4161.86,129017.0,1.0,0.1319,3901.0,1
1648.0,5.0,1.0,6.0,2.0,1.0,0.7196,3509.9,86142.0,3.0,0.3497,2899.0,0
1649.0,5.0,3.0,9.0,1.0,4.0,0.6627,3904.48,114484.0,2.0,0.009,4032.0,0
1650.0,5.0,2.0,6.0,2.0,5.0,0.7627,2320.21,111933.0,3.0,0.1663,3136.0,0
1651.0,5.0,2.0,3.0,1.0,2.0,0.3574,5901.39,120405.0,1.0,0.0,1853.0,1
1652.0,5.0,0.0,5.0,4.0,2.0,0.6981,1610.37,63450.0,1.0,0.2791,3336.0,0
1653.0,5.0,2.0,6.0,4.0,1.0,0.5916,2525.54,91671.0,1.0,0.2763,3228.0,1
1654.0,5.0,2.0,10.0,4.0,2.0,0.8318,90.65,89391.0,1.0,0.0598,3821.0,0
1655.0,5.0,1.0,11.0,2.0,4.0,0.7253,2880.39,74906.0,0.0,0.0,4124.0,0
1656.0,5.0,2.0,6.0,4.0,4.0,0.4034,2921.37,73667.0,2.0,0.0165,4211.0,1
1657.0,5.0,0.0,11.0,1.0,2.0,0.5955,2692.57,96555.0,2.0,0.2365,2014.0,0
1658.0,5.0,1.0,12.0,3.0,5.0,0.7724,3386.05,100349.0,1.0,0.2666,4729.0,0
1659.0,5.0,0.0,10.0,5.0,4.0,0.7009,2075.79,111770.0,3.0,0.2181,4570.0,0
1660.0,5.0,4.0,10.0,1.0,2.0,0.5963,3067.12,108079.0,0.0,0.0892,2528.0,1
1661.0,5.0,0.0,11.0,3.0,4.0,0.8601,1943.52,95956.0,2.0,0.0,3373.0,0
1662.0,5.0,1.0,4.0,4.0,5.0,0.5702,3261.14,88696.0,0.0,0.4483,2384.0,1
1663.0,5.0,0.0,11.0,0.0,3.0,0.4774,2242.29,93267.0,1.0,0.2127,2402.0,1
1664.0,5.0,2.0,8.0,2.0,4.0,0.6497,2986.17,40016.0,1.0,0.2319,3688.0,1
1665.0,5.0,0.0,5.0,2.0,4.0,0.5973,2589.32,97198.0,1.0,0.0,3817.0,0
1666.0,5.0,4.0,1.0,3.0,1.0,0.6551,3962.0,95595.0,3.0,0.0,3355.0,0
1667.0,5.0,2.0,3.0,4.0,1.0,0.9562,1138.19,105786.0,1.0,0.3933,2544.0,0
1668.0,5.0,3.0,11.0,3.0,5.0,0.6511,4576.06,102704.0,3.0,0.2882,2933.0,1
1669.0,5.0,2.0,6.0,2.0,4.0,0.7695,2697.71,104670.0,1.0,0.3773,2931.0,1
1670.0,5.0,0.0,5.0,2.0,5.0,0.6918,1576.32,73620.0,4.0,0.6809,3592.0,1
1671.0,5.0,1.0,4.0,1.0,2.0,0.6019,1884.12,110592.0,2.0,0.3055,3463.0,1
1672.0,5.0,0.0,5.0,3.0,2.0,0.7073,3636.5,111399.0,1.0,0.4544,4089.0,1
1673.0,5.0,2.0,2.0,4.0,1.0,0.6869,1894.87,76881.0,2.0,0.0,4587.0,0
1674.0,5.0,1.0,5.0,4.0,5.0,0.6212,2231.38,74075.0,1.0,0.0828,3151.0,0
1675.0,5.0,1.0,4.0,1.0,2.0,0.8005,4169.26,114831.0,2.0,0.3656,3649.0,1
1676.0,5.0,2.0,6.0,3.0,5.0,0.6991,4397.2,109524.0,2.0,0.0,3148.0,0
1677.0,5.0,2.0,7.0,2.0,2.0,0.6505,3256.39,83647.0,2.0,0.1154,4373.0,0
1678.0,5.0,3.0,9.0,4.0,1.0,0.573,1323.15,126577.0,1.0,0.1546,2619.0,1
1679.0,5.0,1.0,3.0,3.0,5.0,0.524,1267.82,90629.0,2.0,0.1771,3993.0,0
1680.0,5.0,2.0,6.0,1.0,3.0,0.7732,4040.14,121230.0,2.0,0.2131,3857.0,0
1681.0,5.0,3.0,3.0,2.0,1.0,0.7465,2534.53,111373.0,2.0,0.4596,2717.0,1
1682.0,5.0,0.0,11.0,2.0,0.0,0.7646,1287.58,99704.0,1.0,0.49,2535.0,1
1683.0,5.0,1.0,8.0,1.0,1.0,0.7868,2778.93,133715.0,1.0,0.0815,3246.0,0
1684.0,5.0,0.0,5.0,3.0,5.0,0.8472,0.0,148332.0,2.0,0.1549,4252.0,0
1685.0,5.0,1.0,9.0,6.0,3.0,0.3629,3072.38,91005.0,1.0,0.1494,3814.0,1
1686.0,5.0,2.0,4.0,4.0,0.0,0.6044,2884.08,105496.0,2.0,0.2659,5566.0,1
1687.0,5.0,2.0,0.0,1.0,2.0,0.8529,1290.86,90183.0,3.0,0.1123,3290.0,0
1688.0,5.0,2.0,5.0,5.0,0.0,0.7443,2841.16,118313.0,2.0,0.1486,2455.0,0
1689.0,5.0,3.0,6.0,2.0,1.0,0.6422,2435.66,112844.0,1.0,0.0157,2766.0,0
1690.0,5.0,3.0,10.0,4.0,0.0,0.5495,2699.61,135895.0,2.0,0.3858,2611.0,1
1691.0,5.0,0.0,9.0,3.0,5.0,0.7439,5105.52,109415.0,1.0,0.1187,3435.0,0
1692.0,5.0,0.0,9.0,1.0,1.0,0.5728,3136.18,125771.0,2.0,0.2315,3774.0,0
1693.0,5.0,2.0,10.0,2.0,1.0,0.6458,2910.45,147109.0,0.0,0.4414,3013.0,1
1694.0,5.0,0.0,5.0,3.0,1.0,0.8356,2063.64,97111.0,1.0,0.1425,3606.0,0
1695.0,5.0,3.0,5.0,2.0,4.0,0.6509,3374.56,143969.0,3.0,0.2643,4454.0,1
1696.0,5.0,2.0,10.0,4.0,0.0,0.7831,3721.16,143995.0,0.0,0.2512,3856.0,1
1697.0,5.0,2.0,5.0,2.0,4.0,0.2917,1978.39,114669.0,2.0,0.0,4457.0,1
1698.0,5.0,1.0,6.0,2.0,4.0,0.5113,4163.34,108175.0,1.0,0.0,2862.0,0
1699.0,5.0,2.0,6.0,2.0,3.0,0.3444,3806.12,106534.0,2.0,0.0,4714.0,1
1700.0,5.0,0.0,2.0,3.0,0.0,0.6985,2681.22,114224.0,3.0,0.1671,2256.0,0
1701.0,5.0,4.0,1.0,1.0,3.0,0.7154,3617.62,117140.0,4.0,0.0,3237.0,0
1702.0,5.0,2.0,0.0,2.0,5.0,0.6959,2988.9,117671.0,2.0,0.1264,4289.0,0
1703.0,5.0,0.0,6.0,1.0,1.0,0.7748,2070.33,111790.0,3.0,0.1098,4177.0,0
1704.0,5.0,6.0,4.0,4.0,3.0,0.8078,2276.82,122355.0,2.0,0.1318,3899.0,1
1705.0,5.0,2.0,4.0,3.0,2.0,0.578,3081.28,94452.0,2.0,0.2249,3258.0,1
1706.0,5.0,5.0,5.0,2.0,5.0,0.5801,1860.6,90471.0,3.0,0.4117,2655.0,1
1707.0,5.0,2.0,4.0,1.0,4.0,0.9169,3542.8,87280.0,0.0,0.0,4374.0,0
1708.0,5.0,0.0,12.0,4.0,4.0,0.6863,3942.18,108776.0,1.0,0.0386,4670.0,0
1709.0,5.0,1.0,8.0,3.0,2.0,0.8939,3120.92,96244.0,2.0,0.0566,1656.0,0
1710.0,5.0,0.0,7.0,0.0,5.0,0.8013,2892.01,106446.0,3.0,0.0,3513.0,0
1711.0,5.0,1.0,6.0,2.0,5.0,0.4656,4887.14,111651.0,2.0,0.4031,5650.0,1
1712.0,5.0,0.0,2.0,3.0,3.0,0.6363,351.5,80770.0,2.0,0.423,2849.0,1
1713.0,5.0,3.0,10.0,2.0,0.0,0.3964,2937.07,121407.0,0.0,0.563,3606.0,1
1714.0,5.0,0.0,16.0,1.0,5.0,0.5744,791.85,91883.0,1.0,0.1765,3520.0,0
1715.0,5.0,1.0,13.0,0.0,3.0,0.5098,3646.52,91677.0,3.0,0.0351,2699.0,0
1716.0,5.0,3.0,8.0,3.0,4.0,0.5811,1107.29,67630.0,3.0,0.2471,3650.0,1
1717.0,5.0,3.0,4.0,1.0,0.0,0.7217,2723.38,111903.0,0.0,0.2981,4723.0,1
1718.0,5.0,0.0,4.0,5.0,1.0,0.6199,1652.95,85407.0,2.0,0.0644,4677.0,0
1719.0,5.0,1.0,4.0,2.0,2.0,0.8181,2740.93,111149.0,2.0,0.1412,3443.0,0
1720.0,5.0,5.0,3.0,1.0,2.0,0.5986,2321.2,142996.0,2.0,0.0,3454.0,1
1721.0,5.0,1.0,10.0,2.0,3.0,0.8742,1675.41,127829.0,0.0,0.1379,4731.0,0
1722.0,5.0,0.0,10.0,2.0,2.0,0.8028,2721.35,107326.0,2.0,0.3218,4142.0,0
1723.0,5.0,4.0,8.0,3.0,0.0,0.7203,3072.48,102167.0,1.0,0.1044,2790.0,1
1724.0,5.0,2.0,4.0,2.0,4.0,0.7668,1663.19,109356.0,1.0,0.0,3192.0,0
1725.0,5.0,3.0,9.0,0.0,5.0,0.7519,1589.69,120414.0,3.0,0.2794,3867.0,0
1726.0,5.0,3.0,9.0,4.0,2.0,0.7887,0.0,110210.0,0.0,0.3051,4141.0,1
1727.0,5.0,4.0,9.0,1.0,5.0,0.4249,936.53,85688.0,0.0,0.2927,3423.0,1
1728.0,5.0,0.0,9.0,1.0,5.0,0.4552,2759.14,103003.0,2.0,0.0,3678.0,0
1729.0,5.0,4.0,8.0,2.0,0.0,0.7852,1576.88,121920.0,2.0,0.331,2212.0,1
1730.0,5.0,1.0,8.0,3.0,2.0,0.5919,2900.87,112154.0,2.0,0.0,3884.0,0
1731.0,5.0,1.0,10.0,1.0,1.0,0.5445,993.22,74414.0,1.0,0.0399,3654.0,0
1732.0,5.0,2.0,8.0,1.0,4.0,1.0,2017.03,40870.0,3.0,0.0,4304.0,0
1733.0,5.0,1.0,9.0,0.0,3.0,0.908,1731.96,131019.0,0.0,0.437,3452.0,1
1734.0,5.0,0.0,8.0,2.0,4.0,0.667,3233.66,99457.0,2.0,0.081,3833.0,0
1735.0,5.0,1.0,2.0,4.0,3.0,0.5647,2731.76,105272.0,2.0,0.1974,4476.0,0
1736.0,5.0,3.0,4.0,4.0,5.0,0.8986,0.0,106919.0,2.0,0.0,3808.0,0
1737.0,5.0,2.0,5.0,2.0,4.0,0.7203,2861.45,128869.0,0.0,0.2913,2942.0,1
1738.0,5.0,2.0,6.0,4.0,4.0,0.8989,1516.65,120821.0,2.0,0.0134,2052.0,0
1739.0,5.0,0.0,8.0,3.0,1.0,0.7098,4119.91,92504.0,1.0,0.0,4325.0,0
1740.0,5.0,0.0,5.0,2.0,5.0,0.6385,1597.5,113484.0,3.0,0.0346,3668.0,0
1741.0,5.0,2.0,4.0,3.0,4.0,0.8372,3318.71,141682.0,3.0,0.3391,3748.0,0
1742.0,5.0,3.0,6.0,1.0,4.0,0.6336,2906.42,90249.0,0.0,0.0,3232.0,1
1743.0,5.0,2.0,4.0,4.0,4.0,0.4271,2060.42,104426.0,3.0,0.1021,2101.0,0
1744.0,5.0,0.0,7.0,4.0,0.0,0.5658,5371.93,78862.0,0.0,0.3748,3176.0,1
1745.0,5.0,0.0,6.0,1.0,0.0,0.5773,1003.02,104106.0,1.0,0.0,1452.0,0
1746.0,5.0,5.0,10.0,1.0,1.0,0.6825,1036.45,115864.0,1.0,0.1576,3070.0,1
1747.0,5.0,1.0,8.0,3.0,3.0,0.7095,2719.42,95230.0,0.0,0.0966,3153.0,0
1748.0,5.0,2.0,0.0,2.0,1.0,0.6475,0.0,95990.0,2.0,0.0172,4149.0,0
1749.0,5.0,4.0,4.0,3.0,5.0,0.6395,910.15,121865.0,2.0,0.2022,3143.0,1
1750.0,5.0,0.0,4.0,3.0,2.0,0.6341,5999.88,104054.0,0.0,0.1943,3410.0,1
1751.0,5.0,1.0,4.0,1.0,0.0,0.6539,3810.67,129699.0,2.0,0.4614,4545.0,1
1752.0,5.0,1.0,6.0,3.0,4.0,0.7347,2123.61,57393.0,0.0,0.0,2707.0,0
1753.0,5.0,4.0,10.0,5.0,3.0,0.4048,5051.44,81857.0,1.0,0.0872,2944.0,1
1754.0,5.0,0.0,2.0,1.0,1.0,0.851,2467.47,78256.0,2.0,0.3663,3546.0,0
1755.0,5.0,2.0,6.0,4.0,2.0,0.6088,2241.54,102086.0,2.0,0.4851,4371.0,1
1756.0,5.0,1.0,7.0,2.0,5.0,0.6515,2126.91,105787.0,2.0,0.0,2560.0,0
1757.0,5.0,2.0,5.0,2.0,4.0,0.7286,2866.58,123954.0,2.0,0.3658,2296.0,1
1758.0,5.0,0.0,8.0,2.0,3.0,0.7339,2717.99,85982.0,1.0,0.0363,3628.0,0
1759.0,5.0,1.0,9.0,2.0,2.0,0.7539,1493.11,124030.0,2.0,0.0,3067.0,0
1760.0,5.0,2.0,7.0,4.0,0.0,0.6867,3314.59,111918.0,4.0,0.2697,4986.0,0
1761.0,5.0,1.0,5.0,1.0,0.0,0.8271,1863.08,80339.0,0.0,0.3541,2344.0,1
1762.0,5.0,3.0,7.0,4.0,2.0,0.7071,1452.58,137416.0,1.0,0.0937,3241.0,0
1763.0,5.0,3.0,3.0,3.0,0.0,0.6803,3345.66,132661.0,1.0,0.1615,3713.0,1
1764.0,5.0,0.0,12.0,3.0,5.0,0.7991,3802.1,104750.0,1.0,0.0,3361.0,0
1765.0,5.0,0.0,3.0,4.0,1.0,0.7935,2713.04,66102.0,3.0,0.0212,2652.0,0
1766.0,5.0,2.0,8.0,4.0,5.0,0.5234,3832.81,131458.0,2.0,0.0,3900.0,0
1767.0,5.0,3.0,0.0,2.0,2.0,0.7535,2594.08,119191.0,1.0,0.4113,3757.0,1
1768.0,5.0,2.0,4.0,0.0,5.0,0.7998,3369.57,81248.0,2.0,0.3248,3452.0,1
1769.0,5.0,1.0,6.0,0.0,3.0,0.8503,4700.16,115708.0,1.0,0.0522,3153.0,0
1770.0,5.0,1.0,9.0,3.0,1.0,0.7685,4085.24,92113.0,3.0,0.0543,4018.0,0
1771.0,5.0,0.0,11.0,1.0,2.0,0.6668,4345.22,102083.0,2.0,0.0,1854.0,0
1772.0,5.0,2.0,9.0,2.0,4.0,0.8263,3549.65,131879.0,0.0,0.0,3377.0,0
1773.0,5.0,3.0,2.0,2.0,0.0,0.589,1908.93,77456.0,1.0,0.2963,3014.0,1
1774.0,5.0,2.0,10.0,2.0,0.0,0.8883,3070.59,121512.0,1.0,0.1064,5320.0,0
1775.0,5.0,4.0,6.0,2.0,5.0,0.6091,2354.14,81716.0,1.0,0.5509,2995.0,1
1776.0,5.0,1.0,3.0,4.0,0.0,0.747,3429.29,110150.0,2.0,0.1264,2617.0,0
1777.0,5.0,1.0,1.0,3.0,1.0,0.6819,4516.22,91823.0,1.0,0.2858,3031.0,1
1778.0,5.0,2.0,0.0,0.0,0.0,0.5657,0.0,93661.0,2.0,0.0,3485.0,0
1779.0,5.0,2.0,8.0,1.0,1.0,0.5758,3094.21,92190.0,1.0,0.3987,2874.0,1
1780.0,5.0,4.0,11.0,2.0,4.0,0.7025,3077.71,75886.0,1.0,0.5456,3849.0,1
1781.0,5.0,1.0,7.0,1.0,5.0,0.7846,3300.59,111572.0,2.0,0.0,3601.0,0
1782.0,5.0,3.0,6.0,2.0,5.0,0.8294,3130.47,98172.0,0.0,0.2242,3408.0,1
1783.0,5.0,1.0,8.0,3.0,2.0,0.5054,1111.29,85441.0,1.0,0.4132,3606.0,1
1784.0,5.0,1.0,8.0,4.0,3.0,0.8445,1430.38,151408.0,1.0,0.7701,4099.0,1
1785.0,5.0,2.0,7.0,3.0,4.0,0.3684,1269.74,89099.0,1.0,0.0,3901.0,1
1786.0,5.0,2.0,7.0,4.0,2.0,0.7815,3380.49,105476.0,3.0,0.2399,3597.0,0
1787.0,5.0,2.0,7.0,2.0,5.0,0.8093,4639.42,81724.0,2.0,0.2578,3513.0,1
1788.0,5.0,3.0,8.0,3.0,5.0,0.6366,203.22,104165.0,1.0,0.3724,2644.0,1
1789.0,5.0,2.0,3.0,2.0,0.0,0.7723,1083.27,110127.0,0.0,0.0,2604.0,0
1790.0,5.0,0.0,10.0,5.0,5.0,0.5838,1734.65,117407.0,1.0,0.1901,4295.0,0
1791.0,5.0,4.0,2.0,1.0,2.0,0.7437,3187.52,104041.0,3.0,0.0,4478.0,0
1792.0,5.0,4.0,2.0,2.0,2.0,1.0,4364.9,90170.0,1.0,0.6893,3239.0,1
1793.0,5.0,0.0,4.0,1.0,0.0,0.7946,5576.67,140407.0,2.0,0.0762,4168.0,0
1794.0,5.0,1.0,8.0,3.0,0.0,0.5955,1963.92,107109.0,2.0,0.2645,2947.0,1
1795.0,5.0,1.0,6.0,2.0,0.0,0.5186,2649.77,91669.0,3.0,0.0,2460.0,0
1796.0,5.0,2.0,7.0,2.0,0.0,0.6898,0.0,114591.0,2.0,0.0466,2369.0,0
1797.0,5.0,3.0,8.0,4.0,0.0,0.6131,4366.83,119901.0,2.0,0.1947,4424.0,1
1798.0,5.0,1.0,4.0,0.0,1.0,0.6821,5275.07,123664.0,2.0,0.2161,3905.0,1
1799.0,5.0,0.0,4.0,4.0,5.0,0.7012,0.0,151070.0,2.0,0.0,3704.0,0
1800.0,5.0,0.0,6.0,0.0,4.0,0.6257,5308.13,92372.0,1.0,0.1652,3204.0,0
1801.0,5.0,0.0,11.0,3.0,5.0,0.7219,2199.35,110416.0,0.0,0.1492,3850.0,0
1802.0,5.0,2.0,7.0,3.0,4.0,0.7205,2533.46,110676.0,0.0,0.0445,2509.0,0
1803.0,5.0,1.0,2.0,3.0,5.0,0.5933,0.0,131258.0,2.0,0.1259,4042.0,0
1804.0,5.0,3.0,11.0,2.0,4.0,0.6005,2697.46,81820.0,0.0,0.1029,3259.0,1
1805.0,5.0,0.0,10.0,4.0,1.0,0.5679,707.21,65400.0,1.0,0.0,3593.0,0
1806.0,5.0,0.0,7.0,3.0,2.0,0.852,1403.85,103367.0,0.0,0.1403,3942.0,0
1807.0,5.0,0.0,8.0,5.0,2.0,0.574,3515.5,89118.0,3.0,0.4362,4429.0,1
1808.0,5.0,0.0,12.0,2.0,1.0,0.6566,1461.9,133825.0,2.0,0.0,2468.0,0
1809.0,5.0,0.0,4.0,3.0,0.0,0.6069,1815.46,85361.0,2.0,0.0,3418.0,0
1810.0,5.0,2.0,11.0,2.0,2.0,0.5443,3569.89,103122.0,2.0,0.3205,4361.0,1
1811.0,5.0,2.0,4.0,2.0,1.0,0.8027,3318.31,88276.0,2.0,0.3387,5042.0,1
1812.0,5.0,2.0,10.0,1.0,5.0,0.8028,3825.25,104863.0,1.0,0.0,3558.0,0
1813.0,5.0,2.0,6.0,2.0,4.0,0.6345,3981.61,110950.0,0.0,0.0,3527.0,0
1814.0,5.0,2.0,9.0,2.0,4.0,0.4511,5220.44,148501.0,2.0,0.1024,5067.0,1
1815.0,5.0,0.0,6.0,2.0,4.0,0.8006,3306.75,72126.0,0.0,0.2306,2877.0,0
1816.0,5.0,0.0,4.0,1.0,5.0,0.6442,0.0,116344.0,1.0,0.0352,3235.0,0
1817.0,5.0,2.0,8.0,2.0,4.0,0.6676,3458.04,83187.0,2.0,0.1021,3085.0,0
1818.0,5.0,0.0,8.0,4.0,3.0,0.4195,661.56,118668.0,3.0,0.0936,1184.0,0
1819.0,5.0,2.0,6.0,4.0,2.0,0.5591,2729.5,71690.0,2.0,0.2243,3963.0,1
1820.0,5.0,0.0,10.0,3.0,5.0,0.4955,4999.56,121963.0,2.0,0.0993,4014.0,0
1821.0,5.0,2.0,3.0,2.0,2.0,0.8982,3154.48,95818.0,2.0,0.086,4022.0,0
1822.0,5.0,0.0,8.0,3.0,5.0,0.3848,768.45,90844.0,4.0,0.8031,4838.0,1
1823.0,5.0,2.0,10.0,3.0,2.0,0.4461,2723.87,133093.0,2.0,0.2733,2809.0,1
1824.0,5.0,1.0,5.0,4.0,0.0,0.5062,3527.04,94175.0,2.0,0.1308,3598.0,0
1825.0,5.0,1.0,12.0,1.0,5.0,0.5953,3763.4,79479.0,2.0,0.3965,3343.0,1
1826.0,5.0,2.0,1.0,3.0,2.0,0.6526,0.0,104486.0,3.0,0.0843,2766.0,0
1827.0,5.0,3.0,5.0,1.0,1.0,0.4555,2753.02,116874.0,2.0,0.1454,2897.0,1
1828.0,5.0,0.0,6.0,2.0,5.0,0.4782,2503.89,84908.0,1.0,0.2971,4654.0,1
1829.0,5.0,3.0,6.0,3.0,4.0,0.6413,4241.15,107759.0,2.0,0.0,3497.0,0
1830.0,5.0,1.0,3.0,0.0,5.0,0.4753,1415.26,83994.0,1.0,0.3211,2947.0,1
1831.0,5.0,2.0,13.0,1.0,2.0,0.7081,3600.42,113053.0,2.0,0.2534,2201.0,1
1832.0,5.0,2.0,3.0,2.0,5.0,0.7065,2635.62,101345.0,0.0,0.3582,2607.0,1
1833.0,5.0,1.0,6.0,1.0,2.0,0.654,3496.21,105477.0,2.0,0.3309,2820.0,1
1834.0,5.0,1.0,4.0,2.0,3.0,0.4251,2685.1,110548.0,3.0,0.0,2290.0,0
1835.0,5.0,3.0,7.0,4.0,5.0,0.8797,3866.55,115966.0,2.0,0.1177,2923.0,0
1836.0,5.0,2.0,2.0,1.0,0.0,0.7139,2608.58,111708.0,2.0,0.0092,2840.0,0
1837.0,5.0,2.0,12.0,5.0,4.0,0.8239,3084.3,127614.0,3.0,0.3056,3176.0,0
1838.0,5.0,1.0,7.0,4.0,1.0,0.8632,2185.01,81817.0,0.0,0.2036,4064.0,0
1839.0,5.0,3.0,5.0,3.0,5.0,0.9308,3578.35,120874.0,1.0,0.0,2831.0,0
1840.0,5.0,0.0,5.0,5.0,5.0,0.4989,744.09,121731.0,0.0,0.1417,2616.0,0
1841.0,5.0,1.0,8.0,3.0,2.0,0.6968,2013.53,84016.0,1.0,0.0,5418.0,0
1842.0,5.0,0.0,6.0,2.0,1.0,0.6331,3706.05,67640.0,1.0,0.0708,3777.0,0
1843.0,5.0,4.0,11.0,3.0,5.0,0.4426,3874.11,90725.0,3.0,0.2751,3032.0,1
1844.0,5.0,0.0,6.0,2.0,3.0,0.7904,3066.66,101112.0,2.0,0.4621,3358.0,1
1845.0,5.0,2.0,6.0,4.0,2.0,0.42,2290.22,120058.0,1.0,0.1803,3337.0,1
1846.0,5.0,0.0,6.0,2.0,0.0,0.95,1291.6,77245.0,0.0,0.0,3946.0,0
1847.0,5.0,0.0,8.0,3.0,1.0,0.7221,2977.15,121944.0,0.0,0.1081,3083.0,0
1848.0,5.0,1.0,11.0,2.0,0.0,0.5705,771.17,92224.0,2.0,0.0,4646.0,0
1849.0,5.0,2.0,2.0,2.0,5.0,0.3837,2511.93,91911.0,1.0,0.0538,2768.0,1
1850.0,5.0,2.0,1.0,1.0,2.0,0.6783,3371.34,115406.0,0.0,0.4584,3330.0,1
1851.0,5.0,2.0,10.0,2.0,1.0,0.7746,2899.12,105999.0,2.0,0.0485,4380.0,0
1852.0,5.0,2.0,4.0,3.0,5.0,0.5176,1847.9,109281.0,1.0,0.3563,4020.0,1
1853.0,5.0,2.0,4.0,3.0,5.0,0.7788,1441.37,136631.0,2.0,0.5166,1835.0,1
1854.0,5.0,1.0,11.0,3.0,1.0,0.3678,2510.87,115879.0,2.0,0.138,4365.0,1
1855.0,5.0,2.0,3.0,1.0,0.0,0.7306,4742.42,112605.0,1.0,0.4142,4001.0,1
1856.0,5.0,4.0,6.0,2.0,0.0,0.6757,2367.78,92375.0,1.0,0.226,1913.0,1
1857.0,5.0,2.0,9.0,3.0,0.0,0.5736,1208.17,97402.0,1.0,0.1423,4243.0,1
1858.0,5.0,1.0,10.0,1.0,3.0,0.6457,1186.89,123669.0,1.0,0.0677,2888.0,0
1859.0,5.0,0.0,5.0,2.0,4.0,0.4788,3532.0,102460.0,1.0,0.0806,3982.0,0
1860.0,5.0,0.0,0.0,0.0,1.0,0.6153,1692.68,131837.0,3.0,0.2732,2623.0,0
1861.0,5.0,2.0,7.0,4.0,4.0,0.7739,3185.69,81599.0,1.0,0.3592,2539.0,1
1862.0,5.0,3.0,5.0,1.0,3.0,0.7495,2468.49,48843.0,0.0,0.3166,4130.0,1
1863.0,5.0,1.0,8.0,2.0,0.0,0.7913,2560.06,102744.0,2.0,0.1209,2545.0,0
1864.0,5.0,0.0,6.0,3.0,4.0,0.5981,1369.26,48627.0,1.0,0.1901,4728.0,0
1865.0,5.0,3.0,8.0,3.0,3.0,0.8618,1699.46,79687.0,1.0,0.0,2728.0,0
1866.0,5.0,1.0,7.0,2.0,2.0,0.496,5033.35,73787.0,0.0,0.1152,3847.0,1
1867.0,5.0,0.0,4.0,1.0,1.0,0.6761,2300.74,114115.0,1.0,0.1107,3720.0,0
1868.0,5.0,0.0,7.0,2.0,4.0,0.4508,4086.68,106802.0,2.0,0.0,2615.0,0
1869.0,5.0,0.0,7.0,2.0,1.0,0.7339,0.0,115751.0,1.0,0.1582,3582.0,0
1870.0,5.0,3.0,5.0,3.0,1.0,0.8066,2341.73,92258.0,2.0,0.5079,3715.0,1
1871.0,5.0,3.0,11.0,4.0,4.0,0.6402,950.59,112204.0,2.0,0.0081,3070.0,0
1872.0,5.0,2.0,2.0,4.0,3.0,0.7126,2834.91,129519.0,2.0,0.3232,3186.0,1
1873.0,5.0,2.0,8.0,3.0,5.0,0.6873,2868.65,101859.0,3.0,0.0193,2339.0,0
1874.0,5.0,0.0,10.0,2.0,5.0,0.5225,2468.13,114407.0,2.0,0.1674,2538.0,0
1875.0,5.0,1.0,5.0,4.0,4.0,0.5739,2788.78,87224.0,2.0,0.263,4020.0,1
1876.0,5.0,0.0,7.0,1.0,5.0,0.7199,3847.63,110366.0,1.0,0.0433,3094.0,0
1877.0,5.0,0.0,5.0,2.0,0.0,0.5928,908.76,122068.0,1.0,0.31,3183.0,1
1878.0,5.0,2.0,8.0,1.0,4.0,0.6904,1424.34,65992.0,1.0,0.0606,2065.0,0
1879.0,5.0,0.0,8.0,3.0,5.0,0.7667,6037.51,112680.0,1.0,0.0,1459.0,0
1880.0,5.0,1.0,8.0,3.0,1.0,0.6284,2948.43,123375.0,1.0,0.0431,2590.0,0
1881.0,5.0,1.0,6.0,3.0,5.0,0.9175,1885.41,107478.0,2.0,0.2924,4547.0,0
1882.0,5.0,3.0,3.0,5.0,3.0,0.827,1507.82,126767.0,2.0,0.0,3286.0,0
1883.0,5.0,1.0,9.0,2.0,1.0,0.5703,3101.44,112468.0,2.0,0.3668,3134.0,1
1884.0,5.0,2.0,6.0,4.0,4.0,0.5198,825.22,100733.0,3.0,0.1348,2165.0,0
1885.0,5.0,0.0,14.0,3.0,3.0,0.5794,1983.98,118080.0,0.0,0.1845,3272.0,0
1886.0,5.0,1.0,11.0,4.0,3.0,0.2878,4481.22,100897.0,1.0,0.2074,3538.0,1
1887.0,5.0,3.0,6.0,3.0,1.0,0.452,1469.71,90928.0,2.0,0.3097,3737.0,1
1888.0,5.0,2.0,3.0,0.0,2.0,0.7391,4065.45,115619.0,1.0,0.0,3384.0,0
1889.0,5.0,1.0,11.0,1.0,5.0,0.7471,5727.96,107265.0,1.0,0.3433,4213.0,1
1890.0,5.0,4.0,5.0,3.0,1.0,0.5115,1873.59,102920.0,0.0,0.6018,3342.0,1
1891.0,5.0,4.0,6.0,2.0,2.0,0.3737,1779.84,83066.0,2.0,0.0405,2646.0,1
1892.0,5.0,0.0,9.0,3.0,2.0,0.6942,4483.58,163742.0,0.0,0.1619,3575.0,0
1893.0,5.0,4.0,6.0,4.0,1.0,0.7044,3630.35,111072.0,3.0,0.0116,3583.0,0
1894.0,5.0,1.0,8.0,1.0,0.0,0.4959,1143.0,96609.0,0.0,0.1777,2877.0,1
1895.0,5.0,2.0,9.0,2.0,3.0,0.7653,4269.12,94744.0,0.0,0.4075,3367.0,1
1896.0,5.0,1.0,2.0,5.0,5.0,0.5089,2355.1,101429.0,0.0,0.3012,2376.0,1
1897.0,5.0,4.0,3.0,1.0,5.0,0.5079,3309.68,136640.0,1.0,0.0874,4522.0,1
1898.0,5.0,4.0,4.0,3.0,4.0,0.9666,1659.94,65624.0,2.0,0.0589,3637.0,0
1899.0,5.0,2.0,6.0,1.0,2.0,0.6514,0.0,99987.0,1.0,0.34,3249.0,1
1900.0,5.0,2.0,11.0,4.0,3.0,0.7332,0.0,115068.0,2.0,0.4854,3526.0,1
1901.0,5.0,3.0,5.0,0.0,4.0,0.5016,3678.65,143093.0,0.0,0.1166,4776.0,1
1902.0,5.0,3.0,4.0,4.0,3.0,0.7423,1760.46,86692.0,3.0,0.3363,3080.0,1
1903.0,5.0,2.0,6.0,1.0,5.0,0.5289,1386.81,72231.0,0.0,0.0097,3354.0,0
1904.0,5.0,3.0,5.0,2.0,2.0,0.4454,2069.32,96709.0,3.0,0.0037,2844.0,0
1905.0,5.0,4.0,10.0,1.0,2.0,0.7634,2982.24,141125.0,1.0,0.1034,4236.0,1
1906.0,5.0,2.0,9.0,0.0,5.0,0.6446,2782.13,112491.0,1.0,0.2834,4050.0,1
1907.0,5.0,0.0,11.0,2.0,1.0,0.7473,5099.87,115034.0,1.0,0.0678,3605.0,0
1908.0,5.0,3.0,6.0,1.0,0.0,0.8691,3945.8,110542.0,0.0,0.0,4415.0,0
1909.0,5.0,2.0,6.0,2.0,3.0,0.6289,2558.55,145199.0,3.0,0.0006,3767.0,0
1910.0,5.0,3.0,8.0,2.0,1.0,0.3559,1773.9,117558.0,0.0,0.1548,3913.0,1
1911.0,5.0,0.0,7.0,2.0,5.0,0.4589,1603.73,113232.0,1.0,0.3675,2918.0,1
1912.0,5.0,3.0,6.0,3.0,5.0,0.9593,1824.18,97647.0,1.0,0.0,3863.0,0
1913.0,5.0,1.0,8.0,3.0,4.0,0.6592,3195.16,96878.0,2.0,0.2959,2882.0,1
1914.0,5.0,3.0,10.0,5.0,3.0,0.6397,4251.22,80359.0,1.0,0.1539,2310.0,1
1915.0,5.0,2.0,6.0,1.0,3.0,0.3872,3525.76,122877.0,1.0,0.2791,4065.0,1
1916.0,5.0,0.0,7.0,1.0,0.0,0.6593,2868.69,104450.0,2.0,0.0,3522.0,0
1917.0,5.0,0.0,9.0,3.0,4.0,0.6575,1852.05,50247.0,1.0,0.2181,3179.0,0
1918.0,5.0,3.0,8.0,4.0,2.0,0.5439,2924.6,121895.0,1.0,0.2699,4713.0,1
1919.0,5.0,2.0,9.0,2.0,0.0,0.9645,996.73,119939.0,2.0,0.0959,2728.0,0
1920.0,5.0,0.0,6.0,0.0,3.0,0.5355,538.74,108890.0,2.0,0.2553,4703.0,0
1921.0,5.0,1.0,10.0,2.0,5.0,0.7884,300.74,107248.0,2.0,0.2235,3441.0,0
1922.0,5.0,0.0,3.0,1.0,5.0,0.7056,4721.36,99517.0,1.0,0.0,6057.0,0
1923.0,5.0,1.0,11.0,3.0,0.0,0.5197,3133.33,119055.0,2.0,0.4466,4003.0,1
1924.0,5.0,2.0,6.0,4.0,0.0,0.5919,3750.25,110851.0,2.0,0.4416,4428.0,1
1925.0,5.0,0.0,11.0,2.0,5.0,0.5503,1399.73,129509.0,1.0,0.0,4743.0,0
1926.0,5.0,0.0,8.0,1.0,1.0,0.605,0.0,81134.0,2.0,0.3475,3809.0,0
1927.0,5.0,1.0,5.0,1.0,3.0,0.3259,547.1,102898.0,2.0,0.3695,3910.0,1
1928.0,5.0,3.0,6.0,5.0,3.0,1.0,3606.04,92098.0,3.0,0.3768,4394.0,0
1929.0,5.0,1.0,8.0,1.0,1.0,0.6815,1663.65,97972.0,2.0,0.0766,2697.0,0
1930.0,5.0,2.0,2.0,1.0,1.0,0.4671,2296.12,47243.0,1.0,0.5236,3712.0,1
1931.0,5.0,0.0,8.0,1.0,2.0,0.739,2526.03,107426.0,2.0,0.2668,3259.0,0
1932.0,5.0,1.0,5.0,3.0,2.0,0.6084,3604.39,103001.0,1.0,0.4188,3618.0,1
1933.0,5.0,0.0,9.0,1.0,3.0,0.7943,4383.29,96587.0,1.0,0.1592,2876.0,0
1934.0,5.0,0.0,5.0,2.0,5.0,0.7435,3109.34,103871.0,1.0,0.2344,3249.0,0
1935.0,5.0,2.0,7.0,3.0,1.0,0.4419,2107.23,94897.0,1.0,0.2517,3517.0,1
1936.0,5.0,0.0,3.0,1.0,5.0,0.7497,5222.58,72831.0,3.0,0.1979,3760.0,0
1937.0,5.0,2.0,5.0,2.0,0.0,0.6706,2706.22,70721.0,2.0,0.0,3890.0,0
1938.0,5.0,4.0,16.0,2.0,5.0,0.4727,3421.19,89348.0,2.0,0.0395,4640.0,1
1939.0,5.0,2.0,7.0,4.0,2.0,0.6918,2493.67,87758.0,2.0,0.0,3023.0,0
1940.0,5.0,0.0,7.0,2.0,5.0,0.9557,2639.26,73014.0,1.0,0.0,4117.0,0
1941.0,5.0,0.0,4.0,2.0,2.0,0.6073,2841.11,109934.0,2.0,0.0766,3019.0,0
1942.0,5.0,0.0,6.0,1.0,5.0,0.7976,1236.38,104553.0,2.0,0.5558,3313.0,1
1943.0,5.0,4.0,11.0,2.0,4.0,0.6971,4790.61,104609.0,1.0,0.2217,3425.0,1
1944.0,5.0,3.0,4.0,0.0,2.0,0.661,1495.66,128972.0,1.0,0.1446,3221.0,1
1945.0,5.0,0.0,11.0,1.0,3.0,0.7308,3342.64,57478.0,2.0,0.0,1998.0,0
1946.0,5.0,3.0,5.0,0.0,1.0,0.7734,2890.1,119984.0,2.0,0.0,3556.0,0
1947.0,5.0,0.0,5.0,2.0,4.0,0.8249,0.0,137950.0,1.0,0.1275,3431.0,0
1948.0,5.0,0.0,9.0,2.0,1.0,0.6219,3814.6,75803.0,2.0,0.4128,3587.0,1
1949.0,5.0,2.0,2.0,2.0,3.0,0.5595,4565.82,82253.0,2.0,0.0,2203.0,0
1950.0,5.0,6.0,7.0,2.0,4.0,0.8227,3423.04,80354.0,0.0,0.1561,2544.0,1
1951.0,5.0,1.0,7.0,4.0,3.0,0.6313,3674.82,93178.0,0.0,0.2211,4762.0,1
1952.0,5.0,3.0,6.0,3.0,4.0,0.4067,2383.75,110450.0,0.0,0.0724,4192.0,1
1953.0,5.0,2.0,7.0,3.0,5.0,0.6757,1857.72,113893.0,1.0,0.1243,2460.0,0
1954.0,5.0,3.0,10.0,3.0,3.0,0.9171,3431.71,106851.0,1.0,0.0,3117.0,0
1955.0,5.0,2.0,10.0,3.0,5.0,0.7549,1355.37,96723.0,0.0,0.1369,3697.0,0
1956.0,5.0,3.0,7.0,2.0,4.0,0.8205,1676.33,128346.0,3.0,0.0,3707.0,0
1957.0,5.0,1.0,5.0,1.0,3.0,0.8629,2779.52,150711.0,1.0,0.0686,3594.0,0
1958.0,5.0,2.0,1.0,0.0,5.0,0.6005,5733.57,81691.0,1.0,0.1035,2745.0,1
1959.0,5.0,3.0,6.0,3.0,3.0,0.6532,0.0,111406.0,1.0,0.179,4401.0,1
1960.0,5.0,4.0,7.0,2.0,1.0,0.7475,0.0,63313.0,0.0,0.2089,3032.0,1
1961.0,5.0,2.0,4.0,6.0,5.0,0.5377,2641.92,122682.0,0.0,0.0275,3408.0,1
1962.0,5.0,0.0,10.0,0.0,1.0,0.5158,3320.61,97288.0,2.0,0.0,2800.0,0
1963.0,5.0,0.0,2.0,3.0,0.0,0.5468,3228.88,73105.0,1.0,0.4171,3404.0,1
1964.0,5.0,1.0,5.0,2.0,4.0,0.7162,4090.44,104334.0,2.0,0.2535,2611.0,0
1965.0,5.0,2.0,9.0,1.0,2.0,0.3954,4270.54,98784.0,2.0,0.1437,3774.0,1
1966.0,5.0,1.0,4.0,2.0,4.0,0.8099,2663.31,143569.0,1.0,0.1798,1894.0,0
1967.0,5.0,1.0,8.0,5.0,1.0,0.5581,884.47,104085.0,1.0,0.1388,3283.0,0
1968.0,5.0,2.0,7.0,5.0,0.0,0.7406,1660.25,114073.0,0.0,0.1151,1438.0,0
1969.0,5.0,1.0,5.0,1.0,4.0,0.8744,2019.75,99666.0,3.0,0.3345,2911.0,0
1970.0,5.0,2.0,6.0,2.0,4.0,0.4627,2366.4,116040.0,3.0,0.4959,4076.0,1
1971.0,5.0,3.0,5.0,3.0,2.0,0.6826,1570.0,60574.0,3.0,0.3343,3365.0,1
1972.0,5.0,2.0,5.0,1.0,1.0,0.7323,3356.25,110299.0,2.0,0.0,2944.0,0
1973.0,5.0,3.0,6.0,5.0,1.0,0.5847,3640.03,87347.0,3.0,0.3035,4744.0,1
1974.0,5.0,2.0,9.0,2.0,0.0,0.5057,2357.09,90548.0,1.0,0.2798,2101.0,1
1975.0,5.0,1.0,7.0,2.0,0.0,0.6236,5142.21,103982.0,1.0,0.2842,2601.0,1
1976.0,5.0,3.0,0.0,3.0,5.0,1.0,3168.18,112745.0,1.0,0.1588,3096.0,0
1977.0,5.0,0.0,10.0,2.0,4.0,0.5059,404.77,135422.0,2.0,0.1453,4552.0,0
1978.0,5.0,0.0,6.0,1.0,0.0,0.4737,3915.21,105008.0,3.0,0.0254,3656.0,0
1979.0,5.0,1.0,7.0,2.0,0.0,0.6736,1304.71,98765.0,3.0,0.1513,4011.0,0
1980.0,5.0,1.0,3.0,2.0,0.0,0.8549,2761.71,129438.0,3.0,0.0,3478.0,0
1981.0,5.0,1.0,11.0,2.0,1.0,0.7283,3184.98,88452.0,2.0,0.0,3891.0,0
1982.0,5.0,1.0,9.0,3.0,3.0,0.4704,0.0,123389.0,1.0,0.0,3297.0,0
1983.0,5.0,2.0,12.0,2.0,3.0,0.8855,2698.12,111528.0,1.0,0.0,2358.0,0
1984.0,5.0,2.0,6.0,3.0,4.0,0.4941,1413.16,127441.0,0.0,0.0,2580.0,0
1985.0,5.0,1.0,6.0,3.0,3.0,0.7753,4992.41,121419.0,2.0,0.0,4169.0,0
1986.0,5.0,1.0,8.0,1.0,4.0,0.7436,2130.19,92603.0,1.0,0.2213,2281.0,0
1987.0,5.0,3.0,5.0,2.0,2.0,0.9185,2677.61,86228.0,2.0,0.4222,2385.0,1
1988.0,5.0,3.0,8.0,2.0,0.0,0.8431,3492.67,146255.0,1.0,0.3913,4100.0,1
1989.0,5.0,3.0,7.0,3.0,0.0,0.7048,4913.7,120408.0,1.0,0.1793,1784.0,1
1990.0,5.0,1.0,3.0,1.0,3.0,0.5846,3266.98,64826.0,3.0,0.0766,4858.0,0
1991.0,5.0,1.0,7.0,2.0,5.0,0.5432,2590.34,85492.0,1.0,0.0385,3547.0,0
1992.0,5.0,1.0,7.0,4.0,3.0,0.8015,2368.58,102859.0,2.0,0.1868,4059.0,0
1993.0,5.0,2.0,3.0,2.0,2.0,0.8036,1789.75,131193.0,2.0,0.1606,4261.0,0
1994.0,5.0,3.0,7.0,3.0,5.0,0.4861,2059.06,65551.0,3.0,0.1411,2440.0,1
1995.0,5.0,2.0,12.0,1.0,0.0,0.6682,762.59,135007.0,2.0,0.3148,3960.0,1
1996.0,5.0,3.0,7.0,3.0,1.0,0.8468,3502.22,114024.0,1.0,0.2551,2462.0,1
1997.0,5.0,1.0,6.0,2.0,1.0,0.7723,5195.9,107008.0,3.0,0.0,3947.0,0
1998.0,5.0,4.0,4.0,4.0,0.0,0.7582,3356.39,81771.0,1.0,0.0,3232.0,0
1999.0,5.0,2.0,10.0,4.0,0.0,0.5299,2968.85,145869.0,0.0,0.1173,3243.0,1
