userid,courseid,avg_time_per_quiz,avg_resource_views_per_day,quiz_success_rate,avg_quiz_score,resource_vs_quiz_ratio,cluster
1,5,21.73,12.14,0.78,8.35,1.99,0
2,5,21.73,12.14,0.78,8.35,1.99,0
3,5,21.73,12.14,0.78,8.35,1.99,0
4,5,21.73,12.14,0.78,8.35,1.99,0
5,5,10.54,16.92,0.77,6.89,2.76,0
6,5,20.49,13.55,0.76,6.99,2.19,0
7,5,21.58,20.12,0.89,7.86,3.61,1
8,5,12.89,17.22,0.92,10.0,3.19,1
9,5,14.61,16.44,0.9,10.0,2.98,1
10,5,14.85,9.0,0.69,6.85,1.37,0
11,5,15.32,14.86,0.89,9.55,2.67,1
12,5,23.95,12.74,0.8,7.75,2.12,0
13,5,15.08,11.12,0.64,5.46,1.63,0
14,5,14.91,14.72,0.85,7.73,2.56,1
15,5,16.08,14.4,0.8,8.82,2.39,1
16,5,24.76,11.63,0.71,6.88,1.8,0
17,5,22.58,13.23,0.8,6.97,2.21,0
18,5,16.27,17.88,0.85,8.01,3.1,1
19,5,19.17,13.04,0.64,4.92,1.92,0
20,5,18.17,13.38,0.67,6.95,2.01,0
21,5,20.41,12.69,0.67,6.51,1.91,0
22,5,15.48,13.48,0.73,8.28,2.12,0
23,5,10.29,19.54,0.96,8.64,3.77,1
24,5,13.83,14.55,0.76,9.09,2.35,0
25,5,13.54,20.77,0.93,10.0,3.88,1
26,5,24.9,14.01,0.81,6.69,2.36,0
27,5,20.14,18.22,0.86,8.77,3.19,1
28,5,18.7,13.33,0.84,8.67,2.31,1
29,5,22.08,10.44,0.57,6.4,1.46,0
30,5,15.75,15.79,0.73,6.67,2.48,0
31,5,17.14,15.1,0.9,10.0,2.74,1
32,5,14.47,19.56,0.95,10.0,3.72,1
33,5,11.52,13.6,0.86,9.4,2.38,1
34,5,13.75,14.42,0.73,7.19,2.27,0
35,5,13.5,14.9,0.83,8.23,2.54,1
36,5,18.15,16.17,0.85,9.8,2.8,1
37,5,24.38,15.98,0.89,10.0,2.88,1
38,5,16.34,14.14,0.86,7.27,2.48,0
39,5,13.36,16.51,0.9,8.62,3.01,1
40,5,24.49,16.16,0.81,7.53,2.71,1
41,5,17.44,11.8,0.77,8.46,1.93,0
42,5,11.39,14.1,0.73,8.76,2.21,0
43,5,13.14,18.39,0.89,7.89,3.32,1
44,5,23.03,16.92,0.9,7.59,3.09,1
45,5,23.54,16.73,0.79,8.42,2.77,1
46,5,23.89,14.53,0.75,8.07,2.32,0
47,5,18.65,10.34,0.69,6.03,1.57,0
48,5,20.09,18.6,0.81,8.62,3.13,1
49,5,24.11,6.44,0.58,5.03,0.91,0
50,5,16.88,13.73,0.79,7.6,2.27,0
51,5,20.49,15.37,0.75,7.45,2.46,0
52,5,13.89,11.45,0.68,5.33,1.73,0
53,5,19.16,17.76,0.84,7.63,3.07,1
54,5,10.14,17.75,0.85,9.64,3.09,1
55,5,22.74,20.02,0.93,9.5,3.75,1
56,5,11.6,16.11,0.85,9.11,2.79,1
57,5,22.74,12.79,0.68,5.84,1.94,0
58,5,23.8,16.86,0.8,9.2,2.8,1
59,5,16.35,14.02,0.79,7.65,2.31,0
60,5,14.48,16.26,0.93,10.0,3.04,1
61,5,24.89,9.92,0.56,4.99,1.38,0
62,5,18.82,12.77,0.68,7.44,1.94,0
63,5,14.14,13.1,0.79,8.17,2.17,0
64,5,18.32,13.04,0.8,8.26,2.18,0
65,5,13.61,10.33,0.69,7.04,1.58,0
66,5,19.44,16.88,0.93,8.97,3.17,1
67,5,19.71,16.06,0.75,6.28,2.58,0
68,5,19.76,18.57,0.95,10.0,3.55,1
69,5,20.07,12.47,0.76,8.1,2.01,0
70,5,20.24,12.97,0.65,6.27,1.92,0
71,5,24.11,14.84,0.71,7.8,2.3,0
72,5,23.25,12.77,0.74,7.03,2.02,0
73,5,20.27,18.0,0.84,8.64,3.11,1
74,5,19.31,17.43,0.95,8.02,3.32,1
75,5,22.14,13.97,0.71,7.02,2.17,0
76,5,24.79,17.19,0.84,7.05,2.95,1
77,5,23.97,13.36,0.83,7.96,2.29,0
78,5,21.73,16.1,0.82,8.82,2.74,1
79,5,19.42,18.65,0.9,8.19,3.39,1
80,5,18.9,12.36,0.79,8.04,2.04,0
81,5,10.07,13.65,0.71,6.87,2.12,0
82,5,15.17,22.02,1.0,9.54,4.4,1
83,5,20.42,15.17,0.74,7.29,2.4,0
84,5,10.31,13.13,0.78,7.25,2.14,0
85,5,14.37,16.26,0.78,8.62,2.66,1
86,5,15.91,19.04,0.91,9.66,3.5,1
87,5,11.1,17.24,0.93,8.06,3.21,1
88,5,12.98,17.82,0.91,10.0,3.26,1
89,5,13.98,10.89,0.63,4.83,1.59,0
90,5,24.37,13.91,0.7,6.82,2.13,0
91,5,14.99,14.49,0.85,7.4,2.52,0
92,5,14.24,18.31,0.87,7.71,3.23,1
93,5,15.05,14.0,0.69,5.63,2.14,0
94,5,10.66,13.88,0.69,8.09,2.12,0
95,5,22.88,18.68,0.94,10.0,3.52,1
96,5,17.18,17.21,0.94,9.79,3.25,1
97,5,21.57,14.2,0.83,6.88,2.43,0
98,5,22.05,15.0,0.79,8.89,2.47,1
99,5,12.68,16.54,0.92,9.95,3.06,1
100,5,23.37,13.69,0.72,7.54,2.13,0
101,5,18.67,13.77,0.81,9.54,2.31,1
102,5,11.4,12.95,0.75,6.31,2.07,0
103,5,10.37,6.55,0.63,7.8,0.96,0
104,5,17.26,12.49,0.68,5.81,1.89,0
105,5,14.57,13.61,0.86,8.85,2.38,1
106,5,20.02,10.41,0.66,5.54,1.55,0
107,5,22.57,11.7,0.64,5.59,1.73,0
108,5,24.37,13.77,0.67,7.65,2.06,0
109,5,10.95,16.44,0.78,8.08,2.69,1
110,5,16.98,16.68,0.76,6.43,2.68,0
111,5,19.51,13.25,0.72,7.53,2.07,0
112,5,16.89,20.06,1.0,10.0,4.01,1
113,5,22.7,22.52,0.93,9.01,4.21,1
114,5,19.09,16.79,0.8,7.2,2.81,1
115,5,11.91,19.24,0.92,7.95,3.56,1
116,5,12.64,15.61,0.83,8.23,2.67,1
117,5,17.08,17.64,0.83,9.28,3.03,1
118,5,10.84,16.59,0.92,9.45,3.07,1
119,5,14.69,15.57,0.88,9.18,2.79,1
120,5,17.35,16.74,0.76,7.84,2.7,1
121,5,10.95,11.05,0.77,7.99,1.8,0
122,5,24.72,10.17,0.65,5.76,1.51,0
123,5,21.67,16.23,0.74,8.55,2.58,1
124,5,18.64,17.67,0.84,7.6,3.06,1
125,5,19.13,14.73,0.85,9.81,2.57,1
126,5,14.43,9.5,0.68,5.67,1.43,0
127,5,13.14,12.38,0.67,7.0,1.87,0
128,5,22.6,10.67,0.67,7.46,1.61,0
129,5,11.23,18.77,1.0,10.0,3.75,1
130,5,24.31,14.68,0.81,7.9,2.46,0
131,5,16.75,14.49,0.79,7.78,2.4,0
132,5,18.11,13.29,0.76,8.39,2.14,0
133,5,23.65,15.54,0.79,7.87,2.58,1
134,5,10.03,10.06,0.58,4.62,1.41,0
135,5,16.55,13.79,0.76,6.62,2.22,0
136,5,20.72,13.18,0.72,5.78,2.05,0
137,5,24.38,12.29,0.64,5.19,1.8,0
138,5,14.15,11.58,0.69,8.4,1.77,0
139,5,13.08,13.62,0.71,8.47,2.11,0
140,5,11.85,13.14,0.79,8.68,2.18,0
141,5,16.1,16.59,0.88,9.54,2.98,1
142,5,15.23,9.83,0.54,5.99,1.35,0
143,5,12.87,14.31,0.72,7.69,2.23,0
144,5,22.19,20.34,0.91,8.65,3.73,1
145,5,20.63,16.02,0.88,10.0,2.87,1
146,5,24.17,10.71,0.68,6.35,1.62,0
147,5,14.03,18.86,0.94,8.79,3.55,1
148,5,12.86,12.2,0.74,7.89,1.93,0
149,5,21.2,17.59,0.89,9.55,3.16,1
150,5,17.54,13.77,0.7,7.98,2.12,0
151,5,23.46,15.51,0.87,7.82,2.74,1
152,5,17.08,12.69,0.66,6.63,1.89,0
153,5,18.91,10.14,0.57,6.5,1.42,0
154,5,19.51,11.65,0.8,9.35,1.94,0
155,5,12.17,12.98,0.8,9.36,2.16,0
156,5,20.98,14.15,0.82,8.64,2.4,1
157,5,10.23,9.3,0.58,4.43,1.31,0
158,5,18.62,20.18,0.97,10.0,3.91,1
159,5,11.18,13.29,0.84,9.5,2.28,1
160,5,21.19,16.54,0.8,6.79,2.76,1
161,5,14.06,19.54,0.99,9.54,3.88,1
162,5,18.41,15.69,0.88,7.48,2.79,1
163,5,14.04,16.36,0.88,8.63,2.92,1
164,5,21.18,11.66,0.77,6.46,1.89,0
165,5,19.06,19.27,0.92,9.29,3.57,1
166,5,11.14,13.26,0.69,6.6,2.02,0
167,5,24.61,14.58,0.78,7.41,2.39,0
168,5,18.93,12.31,0.78,6.39,2.03,0
169,5,11.94,16.26,0.75,6.57,2.61,0
170,5,11.63,14.44,0.75,6.87,2.3,0
171,5,22.89,16.18,0.8,6.68,2.7,0
172,5,10.65,16.5,0.82,6.94,2.8,1
173,5,12.36,10.05,0.64,7.07,1.48,0
174,5,20.84,15.8,0.78,8.14,2.59,1
175,5,16.93,18.8,1.0,9.6,3.76,1
176,5,15.94,19.49,0.89,8.5,3.5,1
177,5,20.22,16.34,0.78,6.89,2.68,0
178,5,18.02,12.32,0.66,6.52,1.84,0
179,5,22.02,13.68,0.75,6.57,2.19,0
180,5,12.49,9.45,0.64,7.61,1.39,0
181,5,18.85,8.98,0.6,4.72,1.28,0
182,5,16.21,9.43,0.56,6.9,1.31,0
183,5,10.41,15.05,0.88,7.44,2.69,1
184,5,17.4,15.76,0.74,7.77,2.5,0
185,5,18.44,6.55,0.55,6.13,0.9,0
186,5,12.48,13.79,0.68,7.63,2.1,0
187,5,10.36,17.53,0.94,9.04,3.31,1
188,5,20.58,11.2,0.68,8.17,1.7,0
189,5,24.4,14.1,0.79,7.18,2.34,0
190,5,12.59,16.33,0.77,8.29,2.65,1
191,5,10.72,14.52,0.7,5.91,2.23,0
192,5,20.21,15.11,0.8,8.79,2.51,1
193,5,19.41,15.81,0.76,7.19,2.55,0
194,5,13.45,14.62,0.73,8.05,2.3,0
195,5,24.76,14.48,0.73,5.93,2.29,0
196,5,14.42,14.86,0.79,6.72,2.46,0
197,5,24.23,19.45,0.97,10.0,3.76,1
198,5,20.71,16.73,0.93,8.89,3.12,1
199,5,22.44,13.69,0.71,5.83,2.12,0
200,5,10.32,18.24,0.98,8.77,3.57,1
201,5,22.22,16.77,0.88,7.68,2.99,1
202,5,12.32,19.47,0.95,10.0,3.73,1
203,5,13.75,12.82,0.7,6.94,1.97,0
204,5,15.86,13.64,0.77,7.0,2.21,0
205,5,24.15,14.06,0.83,7.83,2.41,0
206,5,23.23,14.05,0.77,8.85,2.28,0
207,5,18.37,12.76,0.68,6.74,1.93,0
208,5,19.56,12.4,0.8,7.48,2.07,0
209,5,10.09,14.57,0.71,8.16,2.25,0
210,5,21.22,15.13,0.71,6.76,2.35,0
211,5,12.87,14.32,0.87,8.99,2.53,1
212,5,16.98,16.09,0.93,8.96,3.0,1
213,5,17.87,15.63,0.85,8.94,2.71,1
214,5,12.37,12.29,0.77,8.71,2.0,0
215,5,13.67,12.87,0.83,7.4,2.19,0
216,5,17.84,16.63,0.84,9.64,2.86,1
217,5,16.27,16.02,0.81,8.69,2.69,1
218,5,17.15,18.18,0.96,8.81,3.48,1
219,5,20.79,15.47,0.85,7.36,2.69,1
220,5,13.94,18.19,0.83,8.58,3.1,1
221,5,21.61,16.36,0.92,7.84,3.03,1
222,5,13.45,13.81,0.68,8.04,2.09,0
223,5,10.59,13.35,0.7,7.56,2.06,0
224,5,12.09,13.07,0.65,7.22,1.93,0
225,5,20.38,13.65,0.67,7.2,2.06,0
226,5,14.8,8.6,0.63,7.22,1.26,0
227,5,24.03,7.31,0.48,5.57,0.96,0
228,5,22.79,18.67,0.84,8.46,3.23,1
229,5,17.84,8.9,0.54,6.78,1.22,0
230,5,15.72,12.38,0.74,8.65,1.97,0
231,5,20.71,16.28,0.89,7.43,2.93,1
232,5,15.74,22.19,0.97,9.15,4.3,1
233,5,11.88,13.49,0.71,6.4,2.08,0
234,5,21.56,16.45,0.75,6.56,2.64,0
235,5,19.9,15.6,0.9,9.16,2.83,1
236,5,16.31,12.37,0.78,6.86,2.02,0
237,5,11.88,11.68,0.8,7.17,1.94,0
238,5,13.31,18.99,0.96,9.89,3.65,1
239,5,22.2,15.37,0.74,7.49,2.44,0
240,5,24.48,10.66,0.74,8.03,1.7,0
241,5,16.98,14.5,0.81,7.48,2.45,0
242,5,12.02,12.77,0.72,7.14,1.99,0
243,5,19.32,16.72,0.86,8.71,2.93,1
244,5,15.66,13.7,0.85,8.89,2.38,1
245,5,20.29,12.19,0.7,8.1,1.88,0
246,5,11.21,14.82,0.72,6.95,2.32,0
247,5,11.07,14.39,0.69,7.94,2.2,0
248,5,16.54,13.9,0.79,8.48,2.3,0
249,5,12.35,15.52,0.78,9.13,2.54,1
250,5,20.13,16.15,0.88,9.66,2.89,1
251,5,16.01,13.78,0.79,8.51,2.29,0
252,5,14.48,17.46,0.84,7.0,3.02,1
253,5,19.33,15.85,0.85,9.65,2.75,1
254,5,15.93,15.64,0.74,7.63,2.48,0
255,5,20.0,10.35,0.7,5.84,1.6,0
256,5,10.4,14.53,0.69,8.04,2.22,0
257,5,20.83,17.99,0.85,8.71,3.13,1
258,5,11.23,11.96,0.62,6.57,1.73,0
259,5,14.04,13.82,0.83,7.92,2.37,0
260,5,17.73,13.91,0.74,7.21,2.2,0
261,5,16.52,15.06,0.8,7.26,2.51,0
262,5,21.85,11.51,0.66,6.52,1.71,0
263,5,10.88,16.43,0.76,7.56,2.65,0
264,5,24.59,15.86,0.8,6.99,2.64,0
265,5,13.05,15.23,0.77,7.52,2.47,0
266,5,18.16,12.51,0.79,6.76,2.06,0
267,5,11.47,13.27,0.81,7.97,2.23,0
268,5,15.87,16.33,0.77,7.87,2.65,1
269,5,23.52,8.92,0.62,6.65,1.29,0
270,5,22.1,17.8,0.95,8.57,3.39,1
271,5,23.72,15.86,0.88,7.75,2.84,1
272,5,24.11,16.24,0.77,7.27,2.65,0
273,5,16.21,15.52,0.81,8.53,2.61,1
274,5,20.67,13.09,0.67,5.6,1.97,0
275,5,21.77,10.98,0.68,5.78,1.67,0
276,5,21.96,17.19,0.85,9.11,2.99,1
277,5,11.28,15.15,0.88,7.72,2.71,1
278,5,22.97,14.3,0.69,7.18,2.18,0
279,5,22.28,14.64,0.84,8.63,2.52,1
280,5,24.43,18.65,0.88,8.16,3.34,1
281,5,19.21,10.53,0.76,7.25,1.69,0
282,5,24.51,18.3,0.84,9.07,3.16,1
283,5,20.04,20.7,0.95,10.0,3.96,1
284,5,15.67,14.13,0.8,7.65,2.36,0
285,5,15.08,16.65,0.85,8.34,2.9,1
286,5,20.95,15.08,0.8,7.92,2.52,1
287,5,16.4,17.04,0.82,8.22,2.88,1
288,5,11.15,17.22,0.83,7.01,2.94,1
289,5,19.99,14.42,0.81,8.96,2.41,1
290,5,12.0,14.65,0.8,8.17,2.44,0
291,5,22.69,12.92,0.7,7.68,1.98,0
292,5,13.39,19.1,0.88,7.3,3.4,1
293,5,20.44,17.93,0.86,8.78,3.15,1
294,5,24.51,16.62,0.84,8.78,2.86,1
295,5,23.96,12.18,0.65,6.5,1.81,0
296,5,11.14,15.22,0.85,7.14,2.65,1
297,5,13.96,16.92,0.8,7.99,2.82,1
298,5,12.81,12.92,0.78,6.36,2.11,0
299,5,23.59,14.31,0.7,8.04,2.2,0
300,5,19.8,18.42,0.81,8.01,3.11,1
301,5,24.58,14.32,0.74,8.42,2.27,0
302,5,19.91,13.24,0.69,7.59,2.02,0
303,5,10.13,16.02,0.89,8.38,2.9,1
304,5,11.1,16.18,0.76,7.12,2.62,0
305,5,20.77,11.63,0.72,7.04,1.82,0
306,5,22.44,12.87,0.7,8.3,1.98,0
307,5,20.86,13.49,0.75,8.47,2.16,0
308,5,20.96,17.61,0.79,8.84,2.91,1
309,5,19.0,21.04,0.89,9.84,3.8,1
310,5,22.8,11.34,0.72,6.37,1.77,0
311,5,18.98,10.78,0.58,6.13,1.52,0
312,5,18.62,16.77,0.91,9.63,3.06,1
313,5,11.7,8.88,0.66,5.69,1.32,0
314,5,14.97,16.59,0.82,9.26,2.82,1
315,5,13.34,12.04,0.66,5.7,1.8,0
316,5,19.23,13.91,0.72,6.34,2.18,0
317,5,19.73,12.13,0.72,8.39,1.9,0
318,5,14.12,10.19,0.56,4.19,1.42,0
319,5,24.66,13.55,0.81,6.67,2.27,0
320,5,12.74,15.76,0.81,9.33,2.65,1
321,5,15.58,13.38,0.79,7.75,2.21,0
322,5,14.69,14.04,0.68,6.03,2.13,0
323,5,17.66,16.94,0.85,9.59,2.95,1
324,5,25.0,13.38,0.78,8.61,2.19,0
325,5,16.26,17.27,0.94,8.02,3.27,1
326,5,18.28,13.42,0.67,7.4,2.01,0
327,5,12.69,12.54,0.7,6.35,1.93,0
328,5,12.28,14.23,0.79,7.46,2.35,0
329,5,10.35,13.75,0.71,6.6,2.13,0
330,5,20.39,15.24,0.74,8.51,2.43,0
331,5,11.34,12.18,0.73,7.83,1.92,0
332,5,17.67,13.46,0.71,7.05,2.09,0
333,5,11.9,15.29,0.87,9.52,2.7,1
334,5,13.22,14.36,0.75,8.75,2.29,0
335,5,13.93,14.95,0.74,7.97,2.38,0
336,5,12.13,12.35,0.64,5.68,1.82,0
337,5,11.46,16.04,0.75,7.72,2.56,0
338,5,15.99,18.52,0.85,9.73,3.23,1
339,5,18.61,14.39,0.71,8.03,2.23,0
340,5,15.37,15.63,0.84,9.34,2.69,1
341,5,16.33,15.49,0.72,6.22,2.43,0
342,5,22.28,11.48,0.73,7.8,1.81,0
343,5,24.11,15.35,0.72,8.0,2.39,0
344,5,10.72,17.23,0.88,8.22,3.07,1
345,5,18.85,18.29,0.86,8.63,3.21,1
346,5,21.7,9.15,0.66,8.02,1.37,0
347,5,14.41,16.4,0.85,9.32,2.86,1
348,5,13.3,13.69,0.77,6.23,2.23,0
349,5,23.87,16.84,0.83,7.98,2.89,1
350,5,21.38,15.13,0.71,7.44,2.34,0
351,5,21.32,18.12,0.8,7.26,3.02,1
352,5,17.12,14.11,0.77,6.97,2.3,0
353,5,24.9,13.86,0.85,8.7,2.41,1
354,5,11.45,15.31,0.72,6.09,2.39,0
355,5,22.35,15.3,0.87,9.66,2.72,1
356,5,13.06,12.69,0.75,6.17,2.02,0
357,5,16.8,16.78,0.84,8.98,2.89,1
358,5,11.81,21.07,1.0,8.69,4.21,1
359,5,16.25,13.31,0.83,7.42,2.28,0
360,5,14.28,19.56,0.98,9.17,3.83,1
361,5,24.35,19.0,0.97,10.0,3.7,1
362,5,11.89,17.21,0.86,8.45,3.03,1
363,5,18.16,23.88,1.0,10.0,4.78,1
364,5,10.45,9.37,0.64,6.72,1.38,0
365,5,14.52,12.45,0.69,7.37,1.9,0
366,5,14.33,14.94,0.87,9.75,2.65,1
367,5,15.73,11.09,0.73,6.41,1.74,0
368,5,19.8,15.81,0.84,9.27,2.73,1
369,5,10.2,13.4,0.8,8.32,2.24,0
370,5,24.36,12.99,0.64,6.32,1.92,0
371,5,23.17,15.12,0.79,6.96,2.5,0
372,5,11.03,14.69,0.71,6.6,2.28,0
373,5,23.92,11.97,0.74,6.3,1.9,0
374,5,10.42,15.35,0.71,8.27,2.38,0
375,5,11.81,15.87,0.84,8.82,2.75,1
376,5,22.66,21.1,1.0,9.44,4.22,1
377,5,24.86,17.7,0.87,9.19,3.14,1
378,5,21.39,11.13,0.63,6.13,1.63,0
379,5,20.0,16.24,0.75,8.19,2.6,1
380,5,18.21,11.98,0.64,7.75,1.76,0
381,5,13.28,15.92,0.76,6.7,2.57,0
382,5,11.66,11.57,0.76,8.44,1.86,0
383,5,23.59,18.51,0.87,7.58,3.28,1
384,5,24.05,11.91,0.8,8.8,1.98,0
385,5,16.46,10.56,0.58,6.36,1.49,0
386,5,13.5,15.8,0.79,7.55,2.61,0
387,5,11.06,11.35,0.76,8.45,1.84,0
388,5,24.4,15.93,0.92,9.38,2.94,1
389,5,12.86,16.45,0.92,8.99,3.04,1
390,5,21.62,19.02,0.96,8.63,3.67,1
391,5,11.76,17.94,0.86,8.16,3.13,1
392,5,20.84,15.52,0.89,8.42,2.8,1
393,5,21.71,16.45,0.88,8.98,2.93,1
394,5,11.44,15.28,0.87,8.94,2.71,1
395,5,19.59,18.25,0.89,8.6,3.29,1
396,5,18.15,15.08,0.87,10.0,2.66,1
397,5,23.69,14.3,0.7,6.67,2.2,0
398,5,22.68,16.53,0.93,9.92,3.1,1
399,5,14.56,18.17,0.91,8.26,3.33,1
400,5,19.26,13.64,0.74,7.45,2.16,0
401,5,22.14,10.0,0.63,6.07,1.46,0
402,5,12.16,20.13,1.0,10.0,4.03,1
403,5,22.74,17.35,0.92,10.0,3.22,1
404,5,19.33,13.52,0.72,8.05,2.11,0
405,5,19.38,15.26,0.79,7.17,2.53,0
406,5,23.3,14.25,0.71,8.29,2.21,0
407,5,20.17,10.42,0.63,6.27,1.52,0
408,5,24.8,12.78,0.77,6.95,2.08,0
409,5,12.1,16.17,0.93,10.0,3.02,1
410,5,19.54,11.18,0.64,6.68,1.65,0
411,5,18.87,15.94,0.81,6.91,2.69,0
412,5,21.96,16.88,0.79,8.17,2.8,1
413,5,12.66,14.25,0.84,7.66,2.46,0
414,5,13.97,13.3,0.74,6.91,2.11,0
415,5,13.87,15.97,0.81,9.42,2.67,1
416,5,19.87,13.74,0.77,6.43,2.24,0
417,5,12.1,17.21,0.96,10.0,3.31,1
418,5,10.01,12.71,0.73,6.86,2.01,0
419,5,12.77,13.75,0.71,6.7,2.13,0
420,5,22.67,13.5,0.77,7.96,2.19,0
421,5,16.62,18.36,0.97,9.79,3.58,1
422,5,13.71,12.04,0.71,5.91,1.87,0
423,5,15.98,19.01,0.94,8.39,3.59,1
424,5,22.04,16.51,0.84,9.35,2.85,1
425,5,18.48,12.05,0.64,6.02,1.77,0
426,5,20.95,19.66,0.96,8.49,3.77,1
427,5,19.04,15.17,0.86,7.67,2.66,1
428,5,10.46,16.23,0.89,8.42,2.92,1
429,5,15.97,14.97,0.72,6.7,2.33,0
430,5,14.32,11.09,0.75,7.07,1.78,0
431,5,11.47,12.81,0.67,7.37,1.93,0
432,5,17.57,12.86,0.67,7.06,1.93,0
433,5,15.36,18.42,0.99,10.0,3.65,1
434,5,16.18,17.23,0.88,9.18,3.08,1
435,5,11.28,17.83,0.98,10.0,3.51,1
436,5,14.5,9.54,0.58,6.9,1.35,0
437,5,14.46,14.01,0.85,7.22,2.44,0
438,5,20.89,12.55,0.79,8.9,2.07,0
439,5,18.45,17.86,0.92,8.94,3.31,1
440,5,20.33,12.08,0.71,7.06,1.88,0
441,5,15.4,14.19,0.72,6.1,2.22,0
442,5,14.07,12.05,0.63,6.97,1.75,0
443,5,14.36,17.62,0.91,9.65,3.24,1
444,5,16.6,18.17,0.91,8.5,3.32,1
445,5,22.91,16.16,0.92,9.57,2.99,1
446,5,18.72,16.25,0.88,9.81,2.9,1
447,5,19.33,8.57,0.64,5.57,1.26,0
448,5,20.9,12.48,0.66,7.36,1.86,0
449,5,18.52,15.63,0.79,7.9,2.59,1
450,5,10.2,16.55,0.93,9.89,3.08,1
451,5,13.75,17.86,0.89,7.55,3.23,1
452,5,20.84,16.9,0.95,8.72,3.22,1
453,5,24.08,10.58,0.63,6.29,1.54,0
454,5,12.32,10.06,0.69,7.7,1.54,0
455,5,11.36,11.33,0.71,6.48,1.75,0
456,5,24.19,10.42,0.7,7.52,1.61,0
457,5,14.81,14.61,0.75,7.56,2.34,0
458,5,13.4,13.95,0.7,5.77,2.14,0
459,5,13.89,17.86,0.92,10.0,3.3,1
460,5,14.77,16.95,0.94,8.68,3.19,1
461,5,24.51,11.38,0.63,5.25,1.66,0
462,5,14.06,10.22,0.67,6.91,1.54,0
463,5,11.18,15.53,0.85,9.39,2.7,1
464,5,13.21,19.22,0.98,8.9,3.76,1
465,5,13.81,18.4,0.85,7.98,3.2,1
466,5,24.27,14.43,0.7,7.73,2.23,0
467,5,20.54,15.28,0.91,7.87,2.79,1
468,5,13.27,15.46,0.8,7.24,2.57,0
469,5,13.35,9.05,0.69,5.63,1.38,0
470,5,11.48,16.72,0.8,7.49,2.78,1
471,5,13.59,15.41,0.9,9.52,2.81,1
472,5,23.8,14.68,0.86,7.17,2.57,1
473,5,15.98,14.9,0.79,6.46,2.47,0
474,5,21.02,13.08,0.83,8.2,2.24,0
475,5,13.01,17.19,0.82,9.05,2.92,1
476,5,18.6,14.21,0.85,8.58,2.47,1
477,5,21.58,16.37,0.88,7.56,2.93,1
478,5,15.13,19.53,1.0,9.97,3.91,1
479,5,22.92,15.01,0.89,8.71,2.7,1
480,5,23.24,15.65,0.91,9.14,2.88,1
481,5,17.48,21.89,0.95,9.37,4.17,1
482,5,18.87,16.04,0.86,7.72,2.81,1
483,5,24.09,13.82,0.77,6.2,2.24,0
484,5,16.57,13.82,0.84,9.44,2.39,1
485,5,18.87,12.93,0.69,6.96,1.97,0
486,5,12.84,16.7,0.78,7.01,2.75,0
487,5,21.28,17.42,0.88,8.47,3.1,1
488,5,18.54,17.52,0.9,9.35,3.19,1
489,5,14.6,19.38,1.0,8.66,3.88,1
490,5,23.58,9.41,0.73,5.98,1.48,0
491,5,18.1,9.91,0.68,5.72,1.5,0
492,5,22.62,15.78,0.79,8.12,2.61,1
493,5,16.33,12.58,0.77,7.71,2.05,0
494,5,12.05,15.48,0.91,9.39,2.83,1
495,5,24.62,13.7,0.75,6.75,2.2,0
496,5,20.47,15.22,0.86,9.7,2.67,1
497,5,12.37,18.1,0.8,7.91,3.01,1
498,5,22.91,11.45,0.65,5.67,1.7,0
499,5,13.27,17.42,0.96,8.34,3.34,1
500,5,15.87,10.41,0.71,6.54,1.61,0
501,5,16.35,13.43,0.84,9.05,2.32,1
502,5,20.96,21.71,1.0,10.0,4.34,1
503,5,19.78,22.1,1.0,9.3,4.42,1
504,5,14.48,16.19,0.75,7.31,2.58,0
505,5,10.32,13.14,0.71,7.68,2.04,0
506,5,16.67,9.62,0.57,5.61,1.34,0
507,5,19.93,12.49,0.69,8.13,1.9,0
508,5,23.07,14.34,0.8,6.69,2.4,0
509,5,21.56,8.83,0.61,6.2,1.27,0
510,5,24.11,17.54,0.82,7.52,2.96,1
511,5,14.88,14.53,0.73,8.73,2.29,0
512,5,23.2,14.23,0.75,6.86,2.28,0
513,5,18.81,13.69,0.68,6.07,2.07,0
514,5,14.41,12.9,0.71,7.64,1.99,0
515,5,20.65,15.37,0.74,6.98,2.44,0
516,5,22.84,15.38,0.85,9.04,2.67,1
517,5,11.57,9.52,0.69,6.84,1.45,0
518,5,12.54,16.07,0.82,6.75,2.73,0
519,5,18.33,12.44,0.7,7.14,1.92,0
520,5,15.25,14.14,0.78,8.92,2.31,0
521,5,19.88,17.26,0.96,10.0,3.33,1
522,5,16.18,20.52,0.89,7.41,3.68,1
523,5,20.86,15.19,0.79,6.73,2.51,0
524,5,15.75,13.14,0.72,7.8,2.05,0
525,5,13.95,12.72,0.78,8.38,2.08,0
526,5,12.91,12.29,0.76,7.55,1.98,0
527,5,18.97,12.1,0.79,8.87,2.0,0
528,5,15.66,13.06,0.67,5.65,1.97,0
529,5,12.55,13.49,0.71,7.11,2.09,0
530,5,10.48,12.96,0.74,8.79,2.05,0
531,5,18.41,19.37,0.85,8.07,3.36,1
532,5,15.54,16.78,0.79,9.01,2.78,1
533,5,10.63,21.33,1.0,10.0,4.27,1
534,5,11.25,12.65,0.71,7.84,1.97,0
535,5,20.67,13.56,0.85,9.88,2.37,1
536,5,16.89,13.95,0.74,6.62,2.22,0
537,5,20.91,17.53,0.82,7.29,2.98,1
538,5,16.63,14.66,0.74,5.98,2.33,0
539,5,10.85,15.56,0.91,9.51,2.85,1
540,5,21.66,11.43,0.59,5.09,1.63,0
541,5,20.9,14.87,0.89,10.0,2.68,1
542,5,13.93,15.71,0.84,8.6,2.7,1
543,5,12.74,15.01,0.86,7.68,2.64,1
544,5,14.81,10.49,0.72,6.06,1.64,0
545,5,18.32,14.7,0.83,7.08,2.51,0
546,5,17.04,14.68,0.77,8.34,2.39,0
547,5,14.63,18.47,0.99,9.21,3.65,1
548,5,17.7,9.89,0.7,7.26,1.52,0
549,5,13.42,21.06,0.91,7.93,3.85,1
550,5,17.14,13.88,0.85,8.87,2.42,1
551,5,23.96,12.72,0.73,7.35,2.0,0
552,5,22.43,13.32,0.69,6.18,2.03,0
553,5,20.05,11.25,0.67,7.73,1.7,0
554,5,12.63,11.67,0.76,9.0,1.88,0
555,5,21.83,15.7,0.73,6.0,2.47,0
556,5,13.69,17.55,0.8,8.59,2.93,1
557,5,21.87,7.32,0.6,6.39,1.04,0
558,5,24.33,16.39,0.82,7.62,2.78,1
559,5,18.38,15.23,0.72,8.18,2.38,0
560,5,17.59,11.8,0.66,7.24,1.77,0
561,5,16.1,11.24,0.75,8.11,1.8,0
562,5,24.17,17.32,0.81,9.49,2.91,1
563,5,13.79,13.31,0.81,9.08,2.24,0
564,5,21.88,16.31,0.89,8.72,2.95,1
565,5,23.66,15.32,0.86,9.27,2.7,1
566,5,11.55,11.54,0.76,7.63,1.85,0
567,5,10.59,19.13,0.86,9.74,3.36,1
568,5,21.48,21.36,1.0,10.0,4.27,1
569,5,20.65,12.17,0.76,8.59,1.96,0
570,5,11.65,13.94,0.83,9.1,2.38,1
571,5,15.19,12.94,0.81,8.33,2.17,0
572,5,13.21,16.95,0.95,10.0,3.23,1
573,5,13.25,13.02,0.8,6.6,2.16,0
574,5,12.48,20.25,1.0,10.0,4.05,1
575,5,22.92,13.51,0.7,7.51,2.07,0
576,5,17.21,12.82,0.66,6.6,1.92,0
577,5,17.24,12.05,0.65,6.43,1.78,0
578,5,21.9,15.08,0.81,9.48,2.53,1
579,5,16.02,13.92,0.67,5.71,2.09,0
580,5,16.05,16.9,0.77,7.78,2.75,1
581,5,23.05,16.09,0.76,8.44,2.59,1
582,5,23.21,15.4,0.72,7.42,2.41,0
583,5,19.09,14.16,0.69,6.61,2.17,0
584,5,17.58,15.17,0.85,7.09,2.64,1
585,5,22.94,15.72,0.84,7.33,2.71,1
586,5,21.28,13.65,0.84,8.08,2.35,0
587,5,12.45,17.7,0.94,8.23,3.33,1
588,5,18.13,12.39,0.82,6.69,2.09,0
589,5,19.64,18.6,0.97,9.35,3.62,1
590,5,24.94,9.74,0.68,8.04,1.48,0
591,5,22.13,16.71,0.93,10.0,3.13,1
592,5,19.92,18.04,0.93,10.0,3.39,1
593,5,23.58,17.8,0.83,9.3,3.04,1
594,5,23.59,12.13,0.7,7.31,1.86,0
595,5,22.61,14.31,0.73,6.17,2.26,0
596,5,24.28,13.42,0.75,6.28,2.15,0
597,5,19.38,10.98,0.74,8.39,1.75,0
598,5,19.73,14.8,0.77,7.53,2.41,0
599,5,15.88,11.95,0.8,8.37,1.99,0
600,5,12.39,14.01,0.78,7.73,2.29,0
601,5,20.67,15.98,0.74,6.78,2.53,0
602,5,24.64,15.32,0.86,7.69,2.68,1
603,5,23.94,17.88,0.84,9.29,3.08,1
604,5,24.09,9.93,0.69,6.76,1.52,0
605,5,11.19,23.57,1.0,10.0,4.71,1
606,5,17.82,12.83,0.65,5.57,1.9,0
607,5,12.91,12.23,0.67,5.66,1.83,0
608,5,22.23,13.45,0.74,8.17,2.14,0
609,5,16.97,15.36,0.78,6.79,2.52,0
610,5,14.83,14.18,0.77,8.48,2.3,0
611,5,16.96,10.06,0.59,6.17,1.43,0
612,5,10.55,19.72,0.96,8.15,3.8,1
613,5,14.25,12.85,0.74,5.98,2.04,0
614,5,23.27,14.21,0.73,8.16,2.24,0
615,5,10.91,12.6,0.75,8.52,2.01,0
616,5,24.09,16.13,0.78,7.82,2.64,1
617,5,23.01,17.95,0.84,9.04,3.1,1
618,5,19.31,18.71,0.9,8.6,3.4,1
619,5,13.58,16.34,0.84,7.35,2.82,1
620,5,24.92,13.6,0.78,7.1,2.22,0
621,5,10.54,10.85,0.76,6.28,1.75,0
622,5,18.56,10.82,0.62,5.72,1.57,0
623,5,21.04,19.04,0.83,8.04,3.24,1
624,5,15.61,17.21,0.78,8.97,2.81,1
625,5,19.66,9.21,0.66,5.55,1.38,0
626,5,22.53,15.75,0.81,8.56,2.64,1
627,5,12.29,8.7,0.61,6.39,1.26,0
628,5,10.19,11.12,0.63,5.14,1.62,0
629,5,11.16,16.89,0.88,9.18,3.01,1
630,5,24.94,13.11,0.7,6.54,2.02,0
631,5,23.31,16.55,0.92,8.05,3.06,1
632,5,17.57,13.01,0.69,7.49,1.99,0
633,5,11.5,16.91,0.86,7.25,2.95,1
634,5,18.9,13.18,0.79,7.94,2.18,0
635,5,10.32,12.89,0.8,8.42,2.15,0
636,5,15.13,15.41,0.87,7.82,2.73,1
637,5,21.36,15.39,0.9,9.68,2.81,1
638,5,23.99,17.04,0.78,8.75,2.8,1
639,5,19.82,14.93,0.72,5.81,2.33,0
640,5,22.48,14.61,0.87,9.37,2.59,1
641,5,13.82,17.82,0.82,7.14,3.02,1
642,5,12.53,13.49,0.73,8.58,2.13,0
643,5,24.31,17.3,0.92,7.99,3.22,1
644,5,22.51,13.43,0.8,6.51,2.23,0
645,5,21.48,22.07,1.0,9.16,4.41,1
646,5,14.45,13.14,0.7,7.98,2.02,0
647,5,16.28,12.39,0.8,7.49,2.06,0
648,5,20.75,15.65,0.81,8.61,2.62,1
649,5,24.42,13.57,0.74,7.02,2.16,0
650,5,24.77,19.12,0.84,8.48,3.3,1
651,5,15.36,16.2,0.8,8.5,2.71,1
652,5,23.4,16.69,0.94,8.44,3.15,1
653,5,20.48,18.94,1.0,8.74,3.79,1
654,5,11.52,13.72,0.71,8.38,2.13,0
655,5,18.0,8.89,0.65,5.65,1.32,0
656,5,17.05,13.26,0.73,6.08,2.08,0
657,5,12.04,12.98,0.74,8.23,2.05,0
658,5,19.25,6.66,0.57,6.57,0.93,0
659,5,17.96,15.86,0.88,7.97,2.83,1
660,5,17.72,12.11,0.65,6.92,1.79,0
661,5,10.06,15.81,0.79,7.22,2.62,0
662,5,17.76,11.24,0.66,7.11,1.68,0
663,5,19.56,11.41,0.69,8.26,1.74,0
664,5,13.82,16.83,0.78,7.72,2.77,1
665,5,12.66,15.32,0.74,8.39,2.44,0
666,5,16.0,10.66,0.65,6.31,1.58,0
667,5,13.87,13.86,0.79,8.0,2.29,0
668,5,12.44,15.31,0.91,10.0,2.8,1
669,5,17.77,14.94,0.72,8.31,2.33,0
670,5,25.0,18.09,0.88,7.83,3.24,1
671,5,21.93,10.19,0.57,5.41,1.42,0
672,5,16.72,16.13,0.83,7.06,2.76,1
673,5,20.57,19.68,0.98,10.0,3.85,1
674,5,20.63,18.77,0.92,10.0,3.49,1
675,5,11.76,17.87,0.9,7.74,3.25,1
676,5,23.46,17.54,0.95,8.31,3.35,1
677,5,19.39,11.63,0.63,6.52,1.7,0
678,5,14.57,12.52,0.69,7.05,1.92,0
679,5,23.03,15.78,0.81,7.55,2.66,1
680,5,23.07,15.17,0.86,8.2,2.67,1
681,5,17.82,18.72,0.89,10.0,3.37,1
682,5,14.23,15.6,0.81,8.91,2.63,1
683,5,18.43,11.62,0.74,8.63,1.85,0
684,5,10.04,17.86,0.81,9.57,3.01,1
685,5,24.66,13.93,0.84,7.96,2.4,0
686,5,23.79,17.34,0.78,7.64,2.84,1
687,5,18.75,12.85,0.65,6.01,1.9,0
688,5,14.84,17.52,0.97,10.0,3.39,1
689,5,14.92,18.24,0.93,8.49,3.42,1
690,5,13.88,17.51,0.81,8.82,2.94,1
691,5,17.26,11.7,0.7,7.69,1.8,0
692,5,10.86,13.49,0.8,8.38,2.25,0
693,5,13.48,13.09,0.8,6.89,2.19,0
694,5,18.87,10.67,0.65,7.56,1.58,0
695,5,20.36,16.01,0.84,8.91,2.76,1
696,5,23.28,15.81,0.81,7.53,2.67,1
697,5,17.6,12.86,0.71,6.02,2.0,0
698,5,12.48,17.88,0.9,9.58,3.25,1
699,5,15.19,12.93,0.65,5.84,1.92,0
700,5,14.56,12.48,0.75,7.38,2.0,0
701,5,14.26,12.79,0.73,6.26,2.01,0
702,5,11.47,13.74,0.68,8.09,2.08,0
703,5,20.17,12.5,0.69,8.0,1.91,0
704,5,16.0,18.1,0.92,9.78,3.36,1
705,5,23.73,15.23,0.9,7.98,2.77,1
706,5,14.63,13.27,0.77,8.75,2.15,0
707,5,11.93,14.62,0.77,8.76,2.38,0
708,5,17.4,19.72,0.91,8.5,3.61,1
709,5,15.26,12.88,0.79,8.18,2.12,0
710,5,14.14,13.9,0.8,8.53,2.31,0
711,5,12.57,15.82,0.81,9.27,2.67,1
712,5,12.93,13.13,0.65,7.55,1.95,0
713,5,12.2,18.25,0.98,9.59,3.57,1
714,5,18.3,12.8,0.7,6.87,1.97,0
715,5,19.74,15.72,0.88,7.54,2.82,1
716,5,17.77,10.31,0.6,6.0,1.47,0
717,5,18.74,16.15,0.81,9.37,2.72,1
718,5,13.95,13.2,0.67,6.93,1.98,0
719,5,20.43,16.89,0.92,8.94,3.14,1
720,5,20.63,15.44,0.82,6.79,2.61,0
721,5,10.75,15.81,0.83,6.99,2.71,1
722,5,21.19,14.96,0.85,8.13,2.6,1
723,5,13.54,13.46,0.76,8.59,2.18,0
724,5,19.15,18.34,0.93,9.45,3.43,1
725,5,23.68,13.81,0.77,8.12,2.25,0
726,5,16.85,12.77,0.76,8.37,2.05,0
727,5,20.7,17.88,0.9,8.37,3.24,1
728,5,21.75,17.08,0.95,8.52,3.26,1
729,5,24.04,15.1,0.74,6.74,2.39,0
730,5,10.44,12.67,0.66,8.06,1.9,0
731,5,16.05,8.34,0.65,5.51,1.24,0
732,5,12.49,18.96,0.93,10.0,3.54,1
733,5,18.24,18.18,0.95,10.0,3.47,1
734,5,24.77,15.38,0.89,9.89,2.77,1
735,5,19.67,14.89,0.8,6.6,2.47,0
736,5,18.23,16.17,0.89,8.17,2.9,1
737,5,13.04,17.63,0.88,9.91,3.16,1
738,5,20.2,15.66,0.86,7.83,2.74,1
739,5,24.78,18.82,0.84,7.34,3.25,1
740,5,20.09,14.43,0.69,6.83,2.21,0
741,5,10.1,14.33,0.8,8.76,2.39,1
742,5,17.7,15.81,0.81,7.36,2.66,1
743,5,24.32,18.17,0.88,8.17,3.25,1
744,5,12.53,14.23,0.73,6.46,2.23,0
745,5,11.07,10.05,0.68,7.56,1.52,0
746,5,13.93,11.82,0.75,6.99,1.88,0
747,5,13.7,11.46,0.78,8.55,1.88,0
748,5,19.24,18.83,0.97,8.97,3.66,1
749,5,23.88,12.25,0.8,7.87,2.04,0
750,5,21.13,18.3,0.87,8.53,3.23,1
751,5,16.15,19.59,0.85,8.56,3.4,1
752,5,15.74,14.24,0.77,6.95,2.32,0
753,5,21.41,15.55,0.78,9.0,2.55,1
754,5,10.06,12.97,0.64,7.51,1.91,0
755,5,16.78,13.41,0.69,7.81,2.04,0
756,5,20.54,16.96,0.77,6.65,2.75,0
757,5,19.44,17.95,0.86,7.76,3.15,1
758,5,17.37,15.23,0.73,7.4,2.39,0
759,5,23.63,21.77,1.0,8.64,4.35,1
760,5,20.43,18.68,0.88,8.04,3.34,1
761,5,19.14,10.28,0.67,5.97,1.54,0
762,5,16.1,13.82,0.72,7.29,2.17,0
763,5,12.61,8.54,0.59,5.94,1.21,0
764,5,19.17,16.65,0.87,8.75,2.94,1
765,5,24.13,15.53,0.91,10.0,2.84,1
766,5,22.12,16.21,0.76,7.87,2.61,1
767,5,20.57,13.02,0.79,9.38,2.16,0
768,5,10.04,13.3,0.66,5.63,1.98,0
769,5,18.69,10.52,0.6,5.53,1.51,0
770,5,24.58,11.0,0.69,5.63,1.68,0
771,5,17.57,9.75,0.6,6.05,1.4,0
772,5,23.13,13.23,0.74,7.47,2.11,0
773,5,13.82,11.52,0.63,5.67,1.68,0
774,5,18.42,16.57,0.91,9.41,3.04,1
775,5,24.89,14.42,0.69,8.36,2.2,0
776,5,24.66,19.29,0.99,10.0,3.81,1
777,5,19.73,15.55,0.73,8.35,2.46,0
778,5,13.55,14.16,0.82,7.23,2.41,0
779,5,20.9,17.05,0.87,8.46,3.02,1
780,5,12.78,10.66,0.62,5.2,1.54,0
781,5,20.1,14.96,0.71,6.14,2.32,0
782,5,14.88,14.51,0.69,8.06,2.22,0
783,5,23.52,14.23,0.81,7.85,2.4,0
784,5,14.68,12.12,0.61,7.3,1.75,0
785,5,11.07,13.19,0.73,6.44,2.08,0
786,5,23.58,12.66,0.69,7.16,1.93,0
787,5,10.45,16.72,0.94,10.0,3.17,1
788,5,17.93,15.06,0.82,9.27,2.55,1
789,5,18.81,17.84,0.97,9.95,3.47,1
790,5,13.48,8.63,0.65,7.27,1.28,0
791,5,24.1,16.94,0.93,9.42,3.17,1
792,5,15.6,12.7,0.72,5.83,1.99,0
793,5,23.68,18.3,0.9,9.93,3.32,1
794,5,21.04,17.74,0.92,10.0,3.28,1
795,5,11.17,16.76,0.91,8.44,3.08,1
796,5,20.43,8.99,0.69,8.32,1.37,0
797,5,18.55,13.68,0.72,7.52,2.14,0
798,5,14.04,11.98,0.71,7.59,1.86,0
799,5,15.33,15.5,0.72,7.59,2.43,0
800,5,14.92,21.47,1.0,8.7,4.29,1
801,5,22.66,16.64,0.76,8.39,2.69,1
802,5,13.96,14.01,0.71,7.14,2.17,0
803,5,16.3,17.66,0.88,9.03,3.16,1
804,5,13.97,12.32,0.73,6.25,1.93,0
805,5,15.25,9.92,0.67,7.38,1.49,0
806,5,11.84,12.87,0.77,7.0,2.1,0
807,5,13.84,12.97,0.76,8.65,2.09,0
808,5,14.12,14.41,0.86,7.26,2.53,0
809,5,16.86,14.09,0.76,8.47,2.28,0
810,5,12.46,12.28,0.66,5.51,1.83,0
811,5,12.61,18.28,0.81,7.95,3.07,1
812,5,13.39,13.02,0.64,6.41,1.92,0
813,5,16.41,12.85,0.74,7.39,2.04,0
814,5,24.18,13.53,0.78,6.6,2.22,0
815,5,15.51,10.02,0.73,8.6,1.57,0
816,5,14.62,13.24,0.78,7.26,2.18,0
817,5,20.72,16.86,0.82,7.29,2.86,1
818,5,24.41,17.45,0.9,9.42,3.18,1
819,5,16.3,17.02,0.86,9.27,2.99,1
820,5,23.19,18.53,0.84,8.81,3.2,1
821,5,11.13,12.9,0.76,8.32,2.09,0
822,5,14.19,12.05,0.75,8.92,1.93,0
823,5,16.43,8.35,0.6,7.37,1.2,0
824,5,13.2,12.17,0.76,8.01,1.96,0
825,5,23.03,15.86,0.86,7.41,2.78,1
826,5,13.62,17.05,0.85,7.27,2.96,1
827,5,10.86,12.75,0.68,5.81,1.94,0
828,5,16.33,14.53,0.71,6.49,2.25,0
829,5,16.92,15.26,0.76,7.52,2.46,0
830,5,14.7,12.75,0.69,6.29,1.95,0
831,5,16.15,15.09,0.82,7.19,2.56,0
832,5,21.53,17.23,0.77,7.04,2.8,1
833,5,17.72,10.25,0.63,5.99,1.49,0
834,5,13.16,16.19,0.87,8.43,2.85,1
835,5,10.74,10.1,0.69,5.66,1.54,0
836,5,12.75,14.57,0.83,6.92,2.49,0
837,5,19.21,13.03,0.73,6.23,2.06,0
838,5,10.76,16.33,0.84,8.23,2.82,1
839,5,18.09,15.28,0.79,6.66,2.54,0
840,5,11.29,17.01,0.94,9.79,3.2,1
841,5,24.13,15.12,0.75,8.16,2.42,0
842,5,23.98,14.6,0.72,6.14,2.27,0
843,5,17.34,10.33,0.67,6.83,1.56,0
844,5,24.68,12.6,0.66,7.44,1.88,0
845,5,18.06,16.3,0.78,7.32,2.66,0
846,5,22.63,13.46,0.71,7.16,2.09,0
847,5,24.43,11.58,0.65,6.4,1.72,0
848,5,11.25,15.11,0.84,9.18,2.61,1
849,5,17.83,15.78,0.84,7.39,2.72,1
850,5,20.88,20.02,0.99,10.0,3.95,1
851,5,10.17,17.88,0.96,8.27,3.44,1
852,5,12.59,11.16,0.73,8.05,1.76,0
853,5,18.62,10.19,0.65,7.62,1.51,0
854,5,12.39,12.96,0.71,5.94,2.0,0
855,5,14.12,17.78,0.84,7.51,3.07,1
856,5,11.13,15.44,0.9,9.43,2.81,1
857,5,17.56,9.82,0.6,4.93,1.4,0
858,5,13.3,14.69,0.85,9.54,2.55,1
859,5,22.22,14.94,0.85,8.32,2.59,1
860,5,21.56,13.41,0.75,7.03,2.15,0
861,5,10.19,20.66,1.0,8.77,4.13,1
862,5,17.7,10.29,0.69,8.12,1.58,0
863,5,17.97,12.24,0.66,6.5,1.83,0
864,5,15.26,12.15,0.74,7.77,1.93,0
865,5,21.37,16.52,0.86,10.0,2.9,1
866,5,15.19,16.81,0.94,10.0,3.17,1
867,5,16.44,12.44,0.63,4.89,1.81,0
868,5,12.61,18.96,1.0,9.22,3.79,1
869,5,16.54,17.8,0.9,9.31,3.25,1
870,5,21.97,16.18,0.76,6.76,2.61,0
871,5,13.08,17.2,0.79,8.58,2.85,1
872,5,23.07,20.82,1.0,8.96,4.16,1
873,5,10.75,12.79,0.69,8.27,1.95,0
874,5,10.17,13.39,0.8,7.78,2.22,0
875,5,19.32,16.41,0.76,7.63,2.65,1
876,5,19.27,15.14,0.77,7.28,2.45,0
877,5,14.24,14.9,0.75,6.78,2.38,0
878,5,13.25,13.52,0.8,6.84,2.25,0
879,5,24.88,12.41,0.76,7.23,2.0,0
880,5,17.21,16.51,0.77,9.03,2.68,1
881,5,22.98,14.36,0.86,7.97,2.53,1
882,5,24.61,10.14,0.56,6.77,1.41,0
883,5,13.06,8.73,0.67,6.62,1.32,0
884,5,21.79,18.87,0.93,10.0,3.52,1
885,5,17.14,16.99,0.9,8.73,3.09,1
886,5,19.33,19.31,1.0,9.26,3.86,1
887,5,12.98,15.05,0.82,7.75,2.55,1
888,5,10.52,16.08,0.88,9.69,2.88,1
889,5,11.46,17.49,0.86,9.51,3.07,1
890,5,11.64,12.2,0.74,7.76,1.94,0
891,5,13.76,12.06,0.75,7.71,1.93,0
892,5,24.5,20.23,0.89,7.96,3.64,1
893,5,16.93,8.31,0.7,7.35,1.28,0
894,5,23.86,13.91,0.75,8.41,2.23,0
895,5,23.12,12.43,0.76,6.38,2.01,0
896,5,23.47,16.73,0.81,8.85,2.81,1
897,5,13.36,12.24,0.78,7.04,2.01,0
898,5,21.57,19.34,0.97,8.7,3.75,1
899,5,21.08,14.41,0.69,7.02,2.19,0
900,5,10.17,14.12,0.77,8.82,2.3,0
901,5,21.03,17.69,0.78,7.05,2.91,1
902,5,22.55,15.06,0.74,6.91,2.4,0
903,5,10.01,15.01,0.82,8.48,2.54,1
904,5,19.67,15.77,0.85,10.0,2.75,1
905,5,17.58,13.0,0.7,6.82,2.0,0
906,5,18.71,18.85,0.91,9.04,3.45,1
907,5,11.24,9.47,0.57,5.49,1.32,0
908,5,11.91,12.13,0.74,7.08,1.93,0
909,5,15.7,14.52,0.69,7.75,2.21,0
910,5,22.25,18.13,0.9,8.43,3.3,1
911,5,12.19,15.65,0.74,6.83,2.49,0
912,5,18.28,11.41,0.68,5.6,1.73,0
913,5,14.77,17.48,0.93,8.91,3.27,1
914,5,24.15,13.62,0.66,7.76,2.04,0
915,5,22.12,8.79,0.56,4.73,1.22,0
916,5,20.53,15.36,0.91,8.57,2.81,1
917,5,16.52,19.06,0.94,8.29,3.61,1
918,5,14.86,16.77,0.85,8.27,2.91,1
919,5,24.74,18.55,0.88,7.28,3.3,1
920,5,12.35,20.06,0.93,10.0,3.74,1
921,5,22.96,19.56,0.97,10.0,3.78,1
922,5,11.12,10.56,0.62,5.9,1.53,0
923,5,24.5,16.82,0.87,8.92,2.97,1
924,5,16.67,13.17,0.69,6.13,2.01,0
925,5,14.1,17.68,0.97,8.41,3.44,1
926,5,18.73,15.27,0.72,6.71,2.39,0
927,5,10.37,18.22,0.96,9.15,3.51,1
928,5,22.65,13.3,0.73,6.12,2.1,0
929,5,24.82,13.93,0.81,7.19,2.35,0
930,5,17.01,14.56,0.85,8.11,2.54,1
931,5,14.7,8.09,0.65,5.71,1.2,0
932,5,14.57,12.42,0.75,8.91,1.99,0
933,5,19.25,13.08,0.76,8.74,2.1,0
934,5,13.73,12.41,0.74,6.84,1.98,0
935,5,15.45,14.59,0.82,7.51,2.47,0
936,5,16.66,15.46,0.87,8.89,2.74,1
937,5,12.91,5.34,0.56,4.96,0.74,0
938,5,24.87,13.95,0.76,9.07,2.25,0
939,5,14.46,15.11,0.82,8.8,2.56,1
940,5,10.28,10.73,0.66,8.06,1.61,0
941,5,12.5,19.75,1.0,9.74,3.95,1
942,5,16.77,20.31,0.97,10.0,3.95,1
943,5,22.31,11.79,0.62,7.5,1.71,0
944,5,22.0,14.6,0.8,8.79,2.44,1
945,5,12.29,17.99,0.84,9.06,3.1,1
946,5,15.74,12.55,0.8,6.76,2.08,0
947,5,22.47,19.05,0.93,8.48,3.55,1
948,5,10.28,19.65,0.91,8.73,3.61,1
949,5,17.55,17.37,0.96,8.1,3.33,1
950,5,20.07,13.85,0.7,5.86,2.12,0
951,5,17.57,16.06,0.9,9.8,2.92,1
952,5,16.56,22.12,0.99,9.08,4.39,1
953,5,15.53,12.31,0.62,5.41,1.79,0
954,5,17.38,21.42,0.94,8.65,4.03,1
955,5,13.08,15.08,0.82,7.83,2.55,1
956,5,20.74,17.22,0.84,7.35,2.97,1
957,5,11.11,12.72,0.65,5.24,1.89,0
958,5,22.14,10.93,0.74,6.6,1.74,0
959,5,10.54,14.64,0.76,9.08,2.37,0
960,5,20.08,21.8,1.0,9.53,4.36,1
961,5,16.54,15.36,0.82,6.89,2.6,0
962,5,18.81,17.61,0.81,8.71,2.97,1
963,5,22.38,11.54,0.67,8.13,1.74,0
964,5,20.19,10.77,0.72,6.16,1.69,0
965,5,22.23,16.55,0.88,9.72,2.95,1
966,5,24.37,14.82,0.82,9.31,2.51,1
967,5,11.97,15.51,0.76,7.86,2.51,0
968,5,10.9,12.8,0.79,8.01,2.11,0
969,5,17.4,16.36,0.92,8.17,3.02,1
970,5,22.7,8.27,0.61,5.98,1.19,0
971,5,24.53,19.96,0.88,8.59,3.55,1
972,5,23.61,17.1,0.83,9.46,2.93,1
973,5,12.18,16.24,0.91,7.84,2.98,1
974,5,19.22,15.82,0.74,6.06,2.52,0
975,5,20.5,16.26,0.9,10.0,2.95,1
976,5,19.07,18.05,0.93,9.84,3.38,1
977,5,15.4,17.93,0.92,9.03,3.31,1
978,5,23.57,18.82,0.88,7.51,3.37,1
979,5,23.87,19.0,0.98,8.72,3.74,1
980,5,10.91,14.31,0.79,9.4,2.37,1
981,5,16.61,16.02,0.85,8.18,2.78,1
982,5,22.03,17.88,0.98,10.0,3.5,1
983,5,20.61,13.62,0.76,7.02,2.19,0
984,5,20.46,12.87,0.69,6.65,1.97,0
985,5,14.32,18.55,0.89,9.22,3.34,1
986,5,20.58,18.02,0.88,7.55,3.21,1
987,5,17.23,17.34,0.82,7.15,2.93,1
988,5,13.33,18.59,0.81,7.36,3.14,1
989,5,11.67,10.97,0.69,7.59,1.68,0
990,5,22.07,14.9,0.73,6.84,2.35,0
991,5,12.44,14.7,0.8,7.17,2.45,0
992,5,24.23,12.8,0.74,7.62,2.04,0
993,5,20.23,15.87,0.87,7.95,2.8,1
994,5,18.58,17.11,0.93,8.94,3.21,1
995,5,19.18,11.74,0.67,6.25,1.76,0
996,5,18.64,17.06,0.79,6.68,2.82,1
997,5,10.73,13.7,0.71,6.94,2.13,0
998,5,15.17,16.71,0.79,8.04,2.76,1
999,5,23.02,10.56,0.75,7.25,1.68,0
1000,5,19.88,12.95,0.66,6.16,1.93,0
1001,5,20.45,17.54,0.78,8.72,2.87,1
1002,5,23.58,10.21,0.58,5.22,1.44,0
1003,5,14.57,13.75,0.75,6.86,2.21,0
