userid,total_events,first_event,last_event,event_diversity,num_courses,active_days,avg_grade,grade_std,num_assessments
3,2655,1662362711,1674590226,56,17,141,-0.6666666666666666,0.5773502691896258,3
4,2655,1662038222,1674557248,56,17,144,0.0,0.0,2
203,2655,1662454980,1674053165,56,17,134,-1.0,0.0,2
231,2655,1662374274,1674569682,56,17,141,0.0,0.0,2
702,848,1662086388,1674484921,21,17,143,0.0,0.0,2
1821,2484,1662481705,1674599886,35,17,140,0.0,0.0,2
2143,2608,1662441680,1674599184,46,17,140,3.3333333333333335,5.163977794943222,6
3631,2655,1662101597,1674594551,54,17,144,-1.0,3.6620642110310255,1
6339,2655,1662042880,1674467330,43,17,143,8.5,0.7071067811865476,2
6968,6,1662669550,1662669608,4,2,57,6.5,2.1213203435596424,2
6975,779,1664304230,1674579555,23,11,118,4.64,4.742362280551751,25
6976,2522,1662452005,1674313753,38,11,137,6.9411764705882355,3.4545366591500755,17
6985,322,1664376576,1674591254,18,9,118,3.9583333333333335,4.610754598871479,24
6996,717,1663136555,1669548383,14,6,74,9.0,1.0,3
7004,345,1662454341,1674598560,18,6,140,9.0,0.4472135954999578,11
7006,349,1664284993,1674575591,23,9,119,5.2,4.427188724235731,15
7009,240,1662649268,1670524160,22,10,91,9.125,0.9910312089651148,8
7011,543,1664191603,1674446374,27,9,118,7.818181818181818,2.088931871468374,11
7012,357,1663233888,1674112378,23,8,125,4.0,4.69041575982343,6
7023,654,1662795057,1674544839,34,8,135,7.315789473684211,4.2038690060327815,19
7025,707,1662120927,1673686042,25,13,133,6.571428571428571,4.164211731007363,14
7030,809,1663249617,1673296634,39,10,116,5.0,5.325752187591567,12
7041,631,1664346783,1674320386,20,7,115,4.090909090909091,5.0705253448461605,33
7043,954,1662728263,1674406600,33,6,135,5.03125,3.587472603020036,32
7044,824,1662913425,1674073613,32,11,129,7.043478260869565,4.353454854475981,23
7047,685,1662627724,1674583868,29,11,138,5.6,4.393775501535637,20
7078,595,1666009622,1674473566,18,12,97,7.117647058823529,3.3705035406667436,17
7084,131,1662458426,1674288924,18,8,136,9.125,0.9910312089651148,8
7093,969,1662215896,1674145969,35,10,138,8.526315789473685,1.466985611253815,19
7101,210,1667815115,1673257103,27,9,62,7.583333333333333,1.3789543689024493,12
7112,720,1664015614,1674550157,32,8,121,5.7368421052631575,5.300336522473077,19
7123,656,1662119954,1672383963,22,13,118,7.363636363636363,2.975658826973525,11
7135,197,1662907058,1674412987,18,10,133,7.555555555555555,3.431876713662334,9
7143,963,1662185445,1674137615,27,7,138,7.333333333333333,4.743416490252569,9
7148,13,1669603158,1671126063,4,5,57,9.0,3.6620642110310255,1
7159,311,1662443272,1669104969,23,5,77,6.181818181818182,3.6556307750696546,11
7160,318,1662972066,1673858952,25,9,126,9.181818181818182,0.6030226891555274,11
7161,25,1663136532,1668521713,4,4,62,9.0,3.6620642110310255,1
7162,251,1663226347,1674141057,23,9,126,6.083333333333333,4.35802985790876,12
7179,887,1664346535,1674571670,24,11,118,4.923076923076923,4.577537127522414,26
7185,476,1662916672,1674466046,22,12,133,9.090909090909092,0.9438798074485388,11
7186,317,1663652820,1671564836,23,9,91,8.307692307692308,0.9473309334313416,13
7187,2655,1662365581,1674489857,56,17,140,5.0,5.656854249492381,2
7191,263,1662383931,1673972615,20,11,134,9.416666666666666,0.6685579234215215,12
7192,249,1663057651,1671462706,17,8,97,8.333333333333334,0.8660254037844386,9
7198,426,1663227753,1672208419,36,4,103,7.2,2.485513584307633,10
7238,311,1662983808,1672740012,20,12,112,6.588235294117647,4.3740545196849645,17
7240,870,1663927860,1674580032,35,12,123,5.5625,4.257835913544188,16
7246,229,1663054331,1673701068,19,7,123,7.230769230769231,3.722764343733613,13
7252,479,1662467665,1673518510,24,10,127,9.636363636363637,0.9244162777371752,11
7253,832,1662153839,1674599568,22,5,144,6.545454545454546,3.804303782918403,11
7262,451,1662973540,1674154456,25,9,129,6.2,3.9384147967311818,10
7267,409,1662492245,1669293662,19,9,78,-0.6428571428571429,0.9114207758701964,28
7276,361,1665473729,1671016757,24,6,64,9.333333333333334,0.6513389472789295,12
7289,996,1664002605,1674153929,29,14,117,5.52,4.574567374808974,25
7297,110,1664815919,1672741491,9,7,91,9.6,0.5477225575051661,5
7303,13,1670269814,1673441798,6,2,57,9.0,1.0,3
7308,1936,1662649456,1674563930,26,10,137,9.25,0.7071067811865476,8
7314,454,1662628190,1674591644,30,11,138,4.444444444444445,5.04360074715793,18
7315,1263,1664048004,1674585622,28,9,121,8.363636363636363,2.2482316283126735,11
7316,961,1663005895,1674478663,25,10,132,9.454545454545457,0.6875516509523286,11
7324,16,1673713542,1674402725,4,5,57,2.8,5.215361924162119,5
7325,612,1662836177,1674563180,22,12,135,4.833333333333333,5.201980974648606,12
7331,451,1662450080,1674458166,23,10,138,9.181818181818182,1.0787197799411876,11
7336,252,1663519147,1674502364,20,11,127,7.272727272727272,3.133397807202561,11
7339,232,1663611352,1673337260,22,12,112,8.428571428571429,2.7932414507517613,14
7347,684,1663009428,1674033049,34,15,127,7.904761904761905,3.6729383591991014,21
7351,4,1673441443,1673441443,4,2,57,8.5,0.7071067811865476,2
7366,218,1663350584,1672607714,20,11,107,8.8,0.6324555320336759,10
7376,128,1663232784,1670700891,22,12,86,8.8,1.6193277068654823,10
7388,18,1669838640,1673014824,6,2,57,9.5,0.7071067811865476,2
7400,210,1668026292,1672854855,22,10,57,6.090909090909091,3.207944683268259,11
7402,11,1664539204,1664539417,4,2,57,0.0,3.6620642110310255,1
7416,575,1664216171,1674494307,23,6,118,5.714285714285714,3.946064947695181,7
7417,83,1664442615,1673006537,12,7,99,9.8,0.4472135954999577,5
7425,538,1663402481,1674551073,19,8,129,4.5,3.295017884191656,8
7426,306,1662107816,1672843463,24,11,124,8.571428571428571,0.8516306272526402,14
7438,559,1664789421,1674407799,22,12,111,8.933333333333334,0.9611501047232548,15
7443,8,1662228055,1670866771,3,2,99,9.5,0.7071067811865476,2
7446,583,1662015708,1674150787,23,8,140,5.611111111111111,4.367512266576112,18
7460,77,1664270015,1671044498,7,6,78,8.5,2.1213203435596424,2
7462,1031,1662711632,1673293194,28,10,122,6.6923076923076925,3.881250129030924,13
7469,2,1662374310,1662374310,2,1,57,0.0,3.6620642110310255,1
7477,212,1663260971,1670932308,23,11,88,9.1,1.286683937707919,10
7484,798,1664300691,1674379023,33,13,116,9.066666666666666,0.7037315505489972,15
7486,474,1662651448,1672839284,23,13,117,9.363636363636363,0.9244162777371752,11
7487,92,1663843555,1670225408,18,4,73,8.090909090909092,3.1766191290283907,11
7489,70,1668599130,1670443157,15,3,57,9.0,3.6620642110310255,1
7492,1301,1662374883,1674587536,26,6,141,6.545454545454546,3.958879547640629,11
7501,383,1663658613,1672946996,23,9,107,7.384615384615385,0.8697184926229042,13
7504,1220,1664286139,1674577383,25,11,119,5.148148148148148,4.96684161912937,27
7511,422,1662629830,1674580122,25,11,138,5.533333333333333,4.793845260430543,15
7531,679,1664298515,1673951568,24,11,111,7.875,3.5566838487557484,16
7534,296,1663406138,1673962278,20,6,122,6.9,4.254409477236529,10
7537,56,1663644197,1674391327,6,7,124,9.0,1.4142135623730951,2
7560,334,1664819583,1674396036,29,8,110,5.5,4.370354676682431,6
7566,980,1662758430,1674304386,28,6,133,5.416666666666667,5.664215155988809,12
7577,179,1668439221,1671525795,23,8,57,8.454545454545455,1.1281521496355322,11
7580,1242,1663830608,1674221470,29,11,120,6.785714285714286,4.306387528424903,28
7584,11,1663494379,1673516305,5,4,115,8.5,0.7071067811865476,2
7587,31,1662041379,1670240324,10,2,94,9.0,3.6620642110310255,1
7596,347,1665582136,1674409355,37,6,102,5.111111111111111,3.723051317281446,9
7608,907,1663243202,1674585241,33,13,131,7.75,3.1959796173138706,8
7611,294,1662111377,1673007392,13,7,126,9.25,0.957427107756338,4
7631,18,1665607118,1667303940,7,3,57,9.0,1.0,3
7632,533,1662630943,1674205324,22,8,133,9.090909090909092,1.7580981459830651,11
7639,1122,1663044391,1674476175,18,8,132,8.545454545454545,1.293339581365727,11
7648,4,1662454163,1662454207,4,2,57,5.0,4.358898943540674,3
7655,2481,1662462339,1671799117,39,10,108,4.630434782608695,4.936749698388715,38
7658,273,1662818862,1674475345,19,8,134,8.909090909090908,1.5135749373285392,11
7672,851,1664376559,1674585971,22,10,118,3.129032258064516,4.455273545540319,31
7680,164,1662972671,1674148135,20,13,129,8.909090909090908,0.7006490497453707,11
7682,1107,1663190016,1674347185,48,12,129,7.565217391304348,3.2309031520405584,23
7688,374,1662465231,1674458823,22,9,138,9.636363636363637,0.6741998624632423,11
7689,19,1666714101,1669186213,10,4,57,5.0,3.6620642110310255,1
7695,584,1664376581,1674576651,21,10,118,5.909090909090909,4.439102128316908,22
7699,3,1665945464,1665945482,3,2,57,8.0,3.6620642110310255,1
7704,321,1662443511,1674563848,17,9,140,2.1538461538461537,3.436232283721854,13
7722,1021,1662629690,1674586219,23,12,138,5.454545454545454,5.125692857821981,11
7738,1509,1662118607,1674469339,28,13,142,7.461538461538462,3.821330148333706,13
7740,153,1663142028,1674045751,25,6,126,7.388888888888889,4.367512266576112,18
7750,203,1664305198,1673448967,15,15,105,0.8333333333333334,3.4859023439441263,12
7759,126,1662443414,1672943719,17,4,121,9.181818181818182,0.6030226891555274,11
7760,226,1662135049,1674572152,18,7,143,9.333333333333334,0.5773502691896258,3
7766,221,1662466390,1673968954,21,8,133,9.5,0.5222329678670935,12
7770,3,1668959754,1668959776,3,2,57,8.0,3.6620642110310255,1
7773,1425,1663175329,1674494612,30,12,131,6.814814814814815,4.731539325363828,27
7774,388,1662119359,1673857326,23,11,135,8.636363636363637,0.504524979109513,11
7782,307,1662981485,1673860232,20,5,125,8.636363636363637,0.8090398349558905,11
7793,1136,1664191290,1674601739,22,13,120,8.8,0.8618916073713347,15
7794,625,1662409515,1674326521,21,11,137,5.333333333333333,5.597618541248887,12
7795,539,1662956432,1674589477,19,8,134,4.0,4.08248290463863,7
7802,26,1664867326,1674070507,4,5,106,10.0,0.0,2
7821,1286,1662317799,1673289625,37,10,126,7.5,4.033946860424326,12
7822,219,1663168573,1674164107,18,8,127,8.125,1.4577379737113252,8
7825,581,1664958714,1672837117,39,15,91,7.823529411764706,2.7211048794020942,17
7842,74,1666640014,1672828015,12,7,71,9.2,0.4472135954999577,5
7863,256,1662534472,1674598551,24,8,139,5.555555555555555,5.393048054696105,18
7868,307,1662443425,1668844364,20,4,74,5.818181818181818,3.5445220218862183,11
7869,472,1662548670,1674579977,23,17,139,-1.0,0.0,4
7873,1139,1662579166,1674594696,33,15,139,2.2666666666666666,4.338546819586845,30
7880,907,1662818342,1674557586,22,11,135,4.416666666666667,4.832810839052218,12
7894,307,1662984771,1673861397,19,6,125,8.818181818181818,0.7507571935295486,11
7910,2387,1662037224,1674388900,51,7,142,8.75,0.5000000000000001,4
7914,208,1664196744,1673625065,22,10,109,8.266666666666667,0.961150104723255,15
7918,81,1664888700,1673008733,9,5,93,7.0,1.8708286933869709,5
7924,138,1663246775,1667157726,15,11,57,-0.8,0.4472135954999579,5
7925,594,1662789573,1674588546,34,13,136,7.894736842105263,2.0519567041703084,19
7926,212,1662975144,1673262966,16,9,119,5.294117647058823,4.831727251749018,17
7930,945,1662119327,1674499771,25,13,143,7.142857142857143,4.45243481975602,14
7946,199,1662622028,1671620243,18,11,104,8.916666666666666,0.6685579234215212,12
7949,181,1663599899,1674557450,9,7,126,9.0,0.894427190999916,6
7951,54,1670942382,1673545791,10,7,57,-1.0,0.0,2
7956,287,1662021737,1670947651,21,6,103,7.2,4.604345773288535,5
7960,316,1664276899,1674474426,18,14,118,1.148148148148148,3.879965341872406,27
7961,520,1663657451,1674038282,20,7,120,6.916666666666667,3.1754264805429417,12
7968,153,1662099473,1674493559,8,7,143,4.8,3.5637059362410928,5
7977,1082,1662319422,1674567967,28,6,141,4.375,4.0333431719675366,8
7983,131,1663083209,1671804939,16,9,100,8.625,1.3024701806293193,8
7996,1,1662969117,1662969117,1,1,57,3.0,4.358898943540674,3
8008,8,1662133046,1666764827,4,2,57,9.0,3.6620642110310255,1
8012,315,1662185322,1674482701,20,6,142,5.6,3.209361307176242,5
8021,457,1662480194,1674470279,20,4,138,6.0,3.5496478698597693,11
8024,337,1662443426,1673106626,22,7,123,9.333333333333334,0.5,9
8032,592,1662534181,1674059724,26,14,133,5.909090909090909,2.809076198843508,11
8034,178,1668411420,1671538304,24,11,57,6.833333333333333,2.587850400809463,12
8040,1331,1662528929,1674572457,24,11,139,6.266666666666667,4.589843860815601,15
8043,26,1665739536,1673350980,5,5,88,5.2,3.6331804249169903,5
8044,2655,1662197774,1674572772,45,15,143,-1.0,3.6620642110310255,1
8048,891,1664524307,1674590914,30,9,116,8.272727272727273,2.195035721390843,11
8052,1274,1662541886,1674056418,32,10,133,9.565217391304348,0.5897678246195887,23
8053,1413,1662489343,1674064808,25,12,133,8.8,0.5606119105813879,15
8057,425,1662912310,1673941912,20,10,127,9.625,0.5175491695067657,8
8075,327,1663133245,1674564269,37,11,132,8.916666666666666,3.1466673086799553,12
8084,367,1664113717,1673016934,23,7,103,9.5,0.5477225575051661,6
8089,312,1662542785,1673858444,21,12,130,8.636363636363637,0.8090398349558905,11
8090,2461,1662322094,1674605743,29,14,142,8.4375,2.6068819177963034,16
8091,357,1664294759,1673603314,20,12,107,8.733333333333333,0.5936168397046636,15
8094,560,1663398475,1674550869,20,12,129,8.25,1.0552897060221724,12
8100,4,1673946580,1674298822,2,1,57,4.0,3.6620642110310255,1
8120,2655,1662535152,1674603900,36,14,139,8.272727272727273,1.7372915179041826,11
8132,2529,1662302242,1673964732,33,10,134,9.076923076923077,0.4935481167928245,13
8137,309,1663396379,1674415610,21,10,127,5.266666666666667,4.712698145385912,15
8149,15,1665313599,1670323048,7,4,57,9.0,1.4142135623730951,2
8150,4,1668363372,1668363457,3,1,57,6.0,2.6457513110645907,3
8155,554,1662448405,1674559069,25,13,140,7.0,3.789938833759243,12
8157,102,1662017284,1674600817,18,9,145,4.444444444444445,5.027701042999452,9
8177,916,1663594983,1674570200,36,9,127,6.0,4.1137667560372115,14
8180,1541,1663004354,1674505848,31,13,133,7.818181818181818,1.6624188291872672,11
8189,127,1670056868,1671557580,25,5,57,7.727272727272728,1.489356175728901,11
8194,2646,1663307507,1672911438,43,12,111,5.5,4.638062947716076,38
8197,472,1662359037,1674468167,22,4,140,5.454545454545454,3.2973818815428815,11
8200,667,1662470980,1674575375,22,14,140,7.636363636363637,4.31909081341727,11
8213,531,1664356559,1674503864,25,11,117,6.411764705882353,3.9695532420130695,17
8219,526,1664906464,1674137013,24,9,106,8.272727272727273,2.195035721390843,11
8222,998,1662038646,1673015248,33,8,127,7.5,4.033946860424326,12
8234,445,1664300027,1674378093,29,13,116,7.705882352941177,3.3497146498312533,17
8245,303,1663232842,1670780977,20,9,87,8.818181818181818,1.4012980994907414,11
8281,1256,1663577901,1673866301,28,8,119,7.928571428571429,2.730575755412026,14
8282,1251,1662550668,1674210418,35,9,134,6.0,2.6017745423519636,14
8283,1116,1662795647,1673863734,26,8,128,7.785714285714286,2.6941124249447643,14
8287,1469,1662470566,1673976295,29,10,133,7.928571428571429,2.7022579081571405,14
8291,522,1662882757,1669634453,23,11,78,5.647058823529412,5.122757759139459,17
8302,570,1662454974,1673257541,21,10,125,7.272727272727272,2.935673997258861,11
8306,2655,1662449478,1673869031,35,11,132,7.928571428571429,2.7022579081571405,14
8311,612,1664253422,1673891845,23,7,111,2.0,4.604345773288535,16
8313,20,1669277487,1669277506,5,2,57,-1.0,3.6620642110310255,1
8314,449,1662454981,1673554184,21,12,128,7.545454545454546,2.9449494516421284,11
8315,2274,1662624341,1673983406,32,10,131,6.642857142857143,2.706321456179185,14
8321,1043,1663153083,1673862436,31,10,123,6.214285714285714,2.2592909516916153,14
8323,1267,1662624924,1673875776,30,10,130,7.857142857142857,2.684919218298981,14
8326,277,1662447205,1674575134,23,5,140,2.2222222222222223,3.929942040850532,9
8328,1211,1662385513,1674493218,22,11,140,2.1666666666666665,4.549392233801093,12
8329,567,1662454992,1674338247,30,12,137,7.727272727272728,3.036145882229939,11
8347,1053,1663224637,1674577860,56,5,131,-1.0,3.6620642110310255,1
8350,1434,1663310535,1674029393,37,9,124,5.866666666666666,4.564876256602717,15
8351,1193,1662655812,1671437842,25,10,101,6.069767441860465,3.608161046170917,38
8355,1577,1662362241,1674551207,32,10,141,7.071428571428571,2.6447127432871596,14
8356,1208,1663256942,1673878283,31,10,122,7.461538461538462,1.1266014242982163,13
8359,32,1662658081,1674080229,8,2,132,3.5,6.363961030678928,2
8428,23,1669134680,1669134967,7,3,57,7.0,3.6620642110310255,1
8483,73,1663429194,1674478665,17,4,127,7.166666666666667,4.119061381755153,6
8487,402,1663831465,1674584169,19,7,124,8.333333333333334,0.5773502691896255,3
8490,736,1662492277,1673337216,26,11,125,8.363636363636363,3.2641301221834667,11
8492,376,1662706472,1673881053,18,8,129,8.0,3.098386676965933,11
8496,47,1664521420,1674269301,14,6,112,7.0,4.049691346263317,6
8499,439,1665473766,1674044994,23,13,99,8.777777777777779,0.97182531580755,9
8502,2010,1662288865,1674123675,56,6,136,0.0,0.0,2
8508,660,1668877267,1674410401,26,7,64,8.571428571428571,1.0163498575623622,14
8514,759,1663266047,1674409872,31,13,128,9.4,0.5163977794943222,10
8516,1154,1662717910,1674487766,32,13,136,9.6,0.5163977794943222,10
8517,62,1668448364,1671711998,19,3,57,9.0,0.0,3
8518,68,1662051813,1667407481,12,6,61,0.1538461538461538,2.444250186531439,13
8523,362,1663233013,1673956205,27,13,124,6.133333333333334,3.8520248231411016,15
8524,95,1662624507,1673204124,14,11,122,8.857142857142858,1.0690449676496978,7
8526,995,1662520704,1674569142,25,9,139,7.421052631578948,1.538967528127731,19
8537,229,1662218536,1672156497,22,3,115,9.0,0.0,4
8538,2042,1662044764,1673083460,31,9,127,8.333333333333334,2.449489742783178,9
8547,82,1662106074,1672941479,13,8,125,0.9090909090909092,4.253340932832576,11
8549,115,1665504985,1669498699,24,3,57,9.666666666666666,0.5773502691896255,3
8553,1280,1662353584,1674591435,39,7,141,7.65,3.09966042282733,20
8558,910,1662448620,1674462279,24,10,139,8.333333333333334,2.449489742783178,18
8559,2655,1662308766,1674287191,47,12,138,4.1923076923076925,4.777555620543904,38
8564,2655,1662444515,1674457363,31,10,139,7.224137931034483,4.099820721147882,38
8565,454,1662652194,1674490101,17,14,137,9.22222222222222,0.4409585518440986,9
8566,2133,1662390319,1674499970,40,11,140,4.74,4.910671428384413,38
8568,1084,1662447731,1674462578,27,10,139,8.105263157894736,3.247130987367588,19
8572,384,1662726416,1674209007,29,11,132,8.0,1.8257418583505536,10
8573,1142,1662392866,1674594781,32,11,141,9.24,0.7788880963698616,25
8574,798,1666171476,1673377028,18,10,83,7.1875,3.3905505944216987,16
8575,2655,1662316845,1674544808,32,11,141,8.578947368421053,1.804801911989365,19
8577,2655,1662467638,1674575724,35,11,140,7.636363636363637,3.2152235284132797,22
8578,365,1662664587,1673983297,23,7,131,7.333333333333333,2.0615528128088303,9
8579,687,1663003460,1674542906,26,9,133,6.611111111111111,2.278773893460327,18
8589,132,1664022642,1669497113,23,3,63,9.666666666666666,0.5773502691896255,3
8590,108,1663353562,1674408533,7,14,127,7.0,4.527692569068709,5
8591,2655,1662482745,1674589400,50,10,140,6.157894736842105,4.272172982020285,19
8592,1052,1662489354,1674120849,45,8,134,7.545454545454546,3.3198862964934537,22
8593,1317,1664906885,1674453711,35,11,110,8.625,1.407885953173359,8
8594,333,1664702274,1674557585,23,9,114,8.0,1.0540925533894598,10
8598,492,1662625102,1674113738,20,7,132,7.916666666666667,2.906367096044424,12
8599,323,1665399616,1674127913,21,8,101,2.9375,4.697073557013984,16
8601,107,1662222659,1671775662,18,7,110,3.1666666666666665,3.8686776379877745,6
8602,2655,1662056215,1674584089,40,9,144,7.857142857142857,2.1788191176076883,14
8606,347,1662550112,1674200691,22,10,134,3.0,4.673986932604096,14
8609,2655,1662133083,1674481665,42,12,142,3.1412429378531073,5.049453687007811,38
8610,968,1662447626,1673037452,19,9,122,5.461538461538462,4.054121043567574,13
8612,753,1662279793,1674574196,37,8,142,5.2105263157894735,3.3263083869930212,19
8613,2655,1662456419,1674543378,33,11,139,6.777777777777778,2.365326878431407,18
8614,572,1663844629,1673877986,36,5,116,5.0,3.5355339059327373,9
8616,476,1662373311,1674560948,22,7,141,8.272727272727273,3.1651511525015383,11
8618,1583,1663066463,1674578936,25,12,133,8.928571428571429,1.5853162186855705,28
8621,785,1663832928,1674460972,23,11,123,7.6,3.204163957519444,10
8623,1273,1662722579,1674073136,28,12,131,8.89655172413793,1.5199818510713237,29
8624,379,1662109082,1674217692,23,15,140,1.7272727272727273,4.051935564416322,11
8626,378,1662486826,1674471592,17,8,138,7.833333333333333,0.9831920802501748,6
8627,1042,1662303533,1674581171,32,9,142,7.4,1.897366596101028,10
8632,364,1662462230,1673258758,18,9,124,9.2,0.4472135954999578,5
8633,721,1663620551,1674585078,32,10,126,7.769230769230769,1.4806443503784736,13
8636,632,1664747236,1674564391,28,10,113,7.714285714285714,1.1126972805283737,7
8637,526,1662449830,1673969618,23,6,133,6.6875,1.922455027649108,16
8639,595,1663958378,1674411783,28,9,120,8.714285714285714,0.8254203058555569,14
8641,2655,1662472410,1674569558,25,11,140,6.7368421052631575,1.7269789055894336,19
8645,262,1673087334,1674463189,26,8,57,5.0,4.546060565661952,16
8646,422,1664515451,1674582391,29,10,116,6.916666666666667,2.7455197664338145,12
8648,531,1664215715,1674219380,23,10,115,3.4210526315789473,4.913878186362514,19
8649,692,1662485264,1674449250,21,10,138,7.5,2.8762349126466136,12
8652,712,1665300851,1674501608,24,7,106,7.0,4.527692569068709,5
8655,611,1664223206,1674241752,25,10,115,3.3684210526315788,4.8098339809162445,19
8659,89,1668974385,1669500345,16,3,57,9.666666666666666,0.5773502691896255,3
8660,290,1665033748,1674365326,22,8,108,8.333333333333334,0.5773502691896255,3
8665,786,1664889724,1674494841,26,11,111,7.2,3.190262963734773,10
8666,1580,1662462356,1674440395,42,12,138,4.0,4.784648068861193,38
8669,1299,1664906958,1674571199,33,10,111,3.928571428571429,5.25451140543915,14
8670,2655,1662210298,1674500221,49,9,142,2.5234375,4.660040964555844,38
8675,2187,1662628445,1674593309,47,8,138,7.111111111111111,3.6620016944638905,27
8683,568,1665471884,1674459290,29,7,104,7.538461538461538,4.033513452218893,13
8684,2655,1662454554,1668094407,40,11,65,1.5476190476190477,4.300892595686196,38
8685,598,1665472013,1674401652,32,7,103,7.6923076923076925,4.008004810888151,13
8687,6,1668968768,1668968796,5,3,57,4.0,3.6620642110310255,1
8690,404,1666595801,1674592608,25,8,92,7.9,1.1005049346146116,10
8693,1534,1662462407,1674299657,40,11,137,4.14,4.562535993707617,38
8694,2655,1662368881,1674592478,41,12,141,3.9130434782608696,4.970249655954123,38
8695,1148,1662363741,1674592141,31,11,141,9.08,0.99666109251507,25
8704,61,1662540063,1673879399,11,11,131,9.22222222222222,0.6666666666666667,9
8718,1051,1662629343,1674045895,38,9,132,6.157894736842105,4.259149079005451,19
8721,708,1662454982,1673431279,20,7,127,7.454545454545454,3.0451153135353137,11
8722,954,1665207397,1672690492,28,13,86,8.3,1.1595018087284057,10
8723,2068,1662013917,1674422710,23,7,143,6.875,4.0155946010522525,8
8727,168,1662468044,1672741774,23,6,118,7.25,5.5,4
8730,1333,1664869142,1674577968,25,10,112,6.142857142857143,4.980915960897534,7
8733,99,1666254337,1673942877,12,9,88,2.909090909090909,4.346367344220814,11
8734,1237,1662628903,1674386162,41,9,136,7.565217391304348,3.230903152040558,23
8737,795,1662455002,1674421600,21,11,138,7.636363636363637,3.10717644406388,11
8738,1999,1662780097,1674323511,40,9,133,7.588235294117647,3.3737742872303227,17
8739,66,1665567891,1669560073,16,3,57,8.666666666666666,1.1547005383792517,3
8741,383,1662385823,1674480718,21,8,139,9.4,0.547722557505166,5
8742,72,1662894813,1667034021,9,3,57,0.0,0.0,2
8744,703,1662552222,1674451296,28,11,137,7.916666666666667,2.151461800448216,12
8745,1166,1662629352,1674134703,43,9,133,7.608695652173913,3.25770597527522,23
8751,733,1665399697,1674500721,25,9,105,7.454545454545454,3.4877646371999016,22
8753,149,1662618555,1669533958,24,3,80,9.0,1.0,3
8755,1761,1663532239,1673813396,32,11,118,8.4,1.1737877907772671,10
8757,2655,1662568474,1674592880,52,9,139,7.65,3.6022653691078457,20
8759,1205,1663038489,1673796602,30,13,124,8.5,0.52704627669473,10
8760,387,1662039361,1672216419,21,7,117,7.3,4.423422506008969,10
8761,1910,1665468711,1672052667,29,11,76,9.0,0.8164965809277259,10
8762,476,1662985368,1674352181,27,10,131,5.666666666666667,4.3534332373864375,15
8766,417,1668696092,1674078701,32,7,62,5.5,3.7594325812991154,16
8769,611,1664215004,1674218937,28,10,115,3.210526315789474,4.649718598037484,19
8770,724,1663165087,1674456623,25,13,130,3.12,4.428317965096905,25
8771,495,1664811175,1674208051,19,9,108,2.8333333333333335,4.553602323177449,18
8772,866,1662664942,1674323557,31,8,134,7.0,4.055175020198813,19
8773,504,1662455005,1673791157,17,8,131,7.181818181818182,2.8919952219248843,11
8774,99,1662013333,1669137026,18,5,82,4.0,1.4142135623730951,2
8779,187,1663245968,1669188875,27,7,68,2.5,4.301162633521313,10
8780,89,1668111509,1669654224,17,3,57,9.666666666666666,0.5773502691896255,3
8782,8,1664983958,1664983994,3,7,57,-1.0,0.0,3
8793,83,1662489528,1674248223,10,5,136,10.0,3.6620642110310255,1
8794,4,1662048113,1662048119,3,1,57,-1.0,0.0,3
8798,90,1662380267,1673183169,17,10,125,9.142857142857142,1.0690449676496976,7
8800,127,1673673434,1673888068,21,5,57,7.111111111111111,3.370624736026114,9
8806,147,1662067469,1671554245,19,6,109,4.0,5.477225575051661,6
8808,585,1663324566,1674589440,35,10,130,8.125,1.807721533549109,8
8809,1735,1662392813,1674081444,28,10,135,5.675675675675675,4.143630011194252,37
8812,654,1662572000,1674209374,24,9,134,3.1666666666666665,4.9378490196822,18
8813,384,1666083523,1674207392,24,7,94,3.1052631578947367,4.569156703644135,19
8817,9,1670309955,1672678641,6,2,57,7.0,1.4142135623730951,2
8819,126,1664816019,1671383301,21,3,76,8.333333333333334,1.5275252316519468,3
8822,681,1664216321,1674227389,25,9,115,2.9473684210526314,4.564034329047619,19
8824,577,1665822438,1674211251,24,9,97,3.789473684210526,5.223652908415943,19
8826,476,1665130796,1674215906,20,10,105,8.454545454545455,0.5222329678670935,11
8830,163,1667132724,1669505782,20,3,57,9.333333333333334,0.5773502691896258,3
8834,69,1667654817,1669238207,17,2,57,8.333333333333334,1.5275252316519468,3
8836,55,1668413995,1669563767,17,3,57,8.333333333333334,1.5275252316519468,3
8838,2045,1662860557,1672011224,34,11,105,6.137931034482759,3.1364691013375725,29
8840,122,1664881397,1669533699,22,3,57,8.0,1.0,3
8843,136,1667654812,1674552760,22,3,79,8.666666666666666,1.1547005383792517,3
8845,521,1662913860,1674502220,25,9,134,6.357142857142857,3.671242565947118,14
8846,566,1662985374,1673959918,34,12,127,7.833333333333333,2.9490625115398443,12
8850,531,1662985361,1673960493,27,11,127,6.071428571428571,4.008918628686366,14
8851,772,1663095003,1673950547,37,13,125,2.9473684210526314,3.5664125175887933,19
8854,420,1665482419,1674496683,33,9,104,7.923076923076923,2.215909838025097,13
8855,755,1665409716,1674312403,18,10,103,7.875,3.6425069859723185,8
8856,2655,1663089090,1674597285,31,10,133,8.444444444444445,1.23603308118261,9
8857,2655,1662448806,1674484636,43,11,139,3.5833333333333335,4.593396431851038,38
8860,543,1664356436,1674591711,18,5,118,1.1868131868131868,3.829453363694754,38
8873,61,1667553501,1670486430,11,3,57,8.0,3.6620642110310255,1
8877,87,1663335579,1672819882,19,2,109,10.0,0.0,3
8885,33,1663136493,1673947441,6,5,125,9.0,3.6620642110310255,1
8887,9,1662975985,1672839899,4,2,114,8.333333333333334,2.0816659994661326,3
8889,18,1665559013,1667905593,6,2,57,8.0,3.6620642110310255,1
8890,430,1665414945,1674519957,37,11,105,7.777777777777778,2.646986200891954,18
8901,203,1662957335,1669293657,22,3,73,9.333333333333334,0.5773502691896258,3
8941,120,1665484114,1669283374,19,8,57,3.176470588235294,4.475423082201936,17
8950,367,1666866836,1674596714,22,8,89,5.086956521739131,5.00829351701447,23
8951,355,1664644482,1674505856,21,8,114,5.857142857142857,5.002856326996752,21
8952,282,1667728490,1674369366,23,8,76,6.2105263157894735,4.466902324236449,19
8953,577,1666635211,1674337477,26,8,89,5.523809523809524,4.749937342945142,21
8956,312,1667741282,1674570091,29,8,79,6.631578947368421,4.704731971534256,19
8957,601,1666012048,1674558748,26,8,98,6.315789473684211,4.571076114232322,19
8958,486,1662041201,1674585152,25,8,145,5.173913043478261,5.113726393586042,23
8960,43,1664286063,1664286521,5,2,57,-0.9782608695652174,0.1474419561548971,38
8961,193,1662413122,1668291941,11,6,68,-0.9767441860465116,0.1524985703326046,38
8964,2655,1662060706,1674602553,42,17,145,2.511627906976744,4.079514905042648,38
8965,2655,1662451427,1674556542,34,16,140,1.1875,3.3756152744370413,38
8966,489,1667034588,1674563305,25,8,87,5.304347826086956,5.191205698177497,23
8967,444,1664367462,1674557599,29,7,117,5.368421052631579,5.024501371786828,19
8969,211,1667646641,1674412813,21,8,78,5.380952380952381,4.652700188881619,21
8971,482,1664163672,1674492157,25,8,119,5.85,4.648429276308515,20
8975,589,1667139093,1674389407,27,8,83,5.318181818181818,4.902733577994682,22
8978,307,1667821497,1674544129,24,8,77,5.571428571428571,4.812186910038186,21
8980,1002,1665482930,1674489469,34,8,104,5.7727272727272725,5.25476489603047,22
8981,252,1667901882,1674567987,21,8,77,9.285714285714286,0.4688072309384952,14
8982,471,1662190337,1674586601,24,8,143,5.761904761904762,4.918381460447755,21
8984,329,1664367272,1674578825,21,8,118,7.8125,3.449033681095813,16
8999,78,1666070942,1674195734,15,11,94,1.9,3.8427420765212266,10
9002,188,1662124877,1674216514,15,14,139,2.0,5.196152422706632,3
9028,71,1663771959,1674508463,12,6,124,5.333333333333333,1.1547005383792517,3
9030,312,1670232115,1674603819,10,10,57,8.285714285714286,1.2535663410560174,7
9033,2194,1662455310,1674596839,30,14,140,7.242424242424242,3.46437497095709,33
9034,618,1665399889,1674557751,25,7,105,8.714285714285714,1.7288756430151326,14
9036,585,1662365263,1673513805,27,12,129,9.22222222222222,0.9718253158075502,9
9037,533,1662104455,1674504049,25,13,143,7.0,1.914854215512676,13
9038,565,1662280203,1664617675,23,8,57,4.0,7.0710678118654755,2
9039,1538,1662552231,1674034138,32,11,132,7.6923076923076925,2.1363760352762253,13
9040,1043,1662107615,1674559061,28,7,144,8.3125,3.682729965664058,16
9041,2655,1662481457,1674244182,35,11,136,7.571428571428571,1.9499225118444583,14
9042,248,1664648783,1674591833,9,10,115,8.285714285714286,1.2535663410560174,7
9043,2655,1662201869,1674492468,36,12,142,3.841666666666667,4.80020278516559,38
9048,589,1664872147,1674473299,43,11,111,7.722222222222222,2.7182510717166823,18
9049,930,1662099962,1674460246,26,11,143,9.1,0.7378647873726218,10
9052,874,1663161736,1674555587,29,7,131,9.071428571428571,1.7743595036946846,14
9053,750,1662136611,1674573952,24,10,143,9.375,0.517549169506766,8
9054,461,1663232770,1674378782,31,11,129,7.090909090909091,4.085450904234328,11
9055,1346,1662462295,1674222422,42,10,136,3.4285714285714284,4.400577162723018,28
9057,256,1662443782,1674156151,7,10,135,6.375,3.204349722308278,8
9058,424,1665513843,1674579348,30,7,104,6.75,3.6606010435446255,16
9061,1735,1662400465,1674055117,26,13,134,3.8552631578947367,4.698095918897131,38
9064,243,1663927421,1673021267,22,8,105,9.166666666666666,0.408248290463863,6
9065,1235,1662537824,1674322111,25,11,136,3.547169811320755,4.365802586078484,38
9067,710,1662056075,1674591128,34,10,145,5.384615384615385,3.708963501628219,13
9070,1905,1662027844,1674291751,38,13,141,6.790697674418604,4.143601720236496,38
9073,460,1662495791,1673772756,29,11,130,4.0,5.773502691896257,4
9075,59,1662911005,1672910523,9,5,115,9.0,3.6620642110310255,1
9076,609,1662567538,1669648326,29,7,81,3.04,4.541292033478285,25
9078,951,1662642834,1674574975,38,13,138,8.789473684210526,2.2504060712191736,19
9079,248,1666106530,1674055893,28,10,92,5.888888888888889,3.257470047615344,9
9080,746,1662451683,1674059235,34,8,134,5.190476190476191,5.259458599694911,21
9081,323,1666347141,1673530246,29,7,83,7.375,4.014556845614054,16
9089,486,1663086600,1673527917,26,11,120,5.6875,4.728900506460249,16
9090,836,1662465122,1673966583,28,11,133,7.071428571428571,1.9792883614022536,14
9091,1166,1663009041,1674497346,32,9,132,7.15,3.773522715475624,20
9092,1915,1662315965,1674464694,35,12,140,7.538461538461538,2.0254787341673333,13
9093,174,1664997363,1668364479,21,16,57,2.3,4.181412503725959,20
9094,2,1663236626,1663236627,2,1,57,10.0,3.6620642110310255,1
9095,84,1662378505,1666954926,9,5,57,8.0,3.6620642110310255,1
9096,244,1662985382,1673259487,21,11,118,6.066666666666666,4.4475782602392036,15
9097,2655,1662628662,1673429426,28,8,125,0.8518518518518519,3.3478317173922,27
9099,144,1663570034,1674502114,19,6,126,7.0,0.7071067811865475,5
9100,591,1662447686,1673946885,22,9,133,7.428571428571429,1.2724180205607036,7
9101,153,1662966108,1674222601,22,3,130,9.0,1.2247448713915892,5
9103,2556,1662455119,1674599230,39,13,140,7.242424242424242,2.6342729432224634,33
9105,709,1662482428,1674580394,23,11,140,6.470588235294118,3.9861893936882806,17
9107,1692,1662642037,1674489271,34,12,137,5.2631578947368425,3.997806416067551,19
9108,578,1663737423,1674493441,29,8,124,7.55,4.211200603903332,20
9109,2655,1662467551,1674571610,41,11,140,3.393548387096774,4.977216629717557,38
9111,1051,1662973589,1674222584,34,12,130,4.08,4.795136424892761,25
9113,592,1664297230,1674294484,27,11,115,7.214285714285714,2.2930856412794,14
9114,795,1662469160,1673563643,35,11,128,4.583333333333333,4.942422101751737,24
9118,1149,1663307543,1674503613,32,12,129,3.492957746478873,4.839932819594621,38
9119,128,1664806374,1674123533,19,7,107,9.0,0.816496580927726,4
9124,153,1662462251,1671025664,9,9,99,6.0,1.2649110640673518,6
9128,562,1662527384,1674574684,26,11,139,8.416666666666666,2.151461800448216,12
9129,365,1664134581,1674490178,12,10,119,7.25,3.575711717366808,8
9131,2204,1663153354,1674489849,37,14,131,0.7105263157894737,3.249843247984354,38
9136,662,1662365106,1670699311,29,10,96,9.333333333333334,0.7071067811865476,9
9137,923,1662495540,1674584758,24,10,139,7.230769230769231,1.7867030229749128,13
9138,216,1663581411,1665082231,9,4,57,0.0,0.0,2
9142,2655,1662447770,1674591370,33,9,140,6.333333333333333,3.386246693120078,6
9144,343,1662316705,1674589986,23,9,142,8.0,1.224744871391589,5
9146,2655,1662542052,1674530111,38,11,138,3.218543046357616,4.671750620820279,38
9149,1162,1662024343,1674469690,34,8,144,5.9375,3.696281915655244,16
9150,965,1663592614,1674033181,43,13,120,7.391304347826087,3.3403746446766145,23
9151,2621,1662548499,1674556097,41,11,138,3.1481481481481484,4.706572940843583,38
9152,2655,1662548460,1674555744,39,11,138,3.6,5.035444836157634,38
9153,421,1662482944,1674580245,24,11,140,6.875,3.593976442141304,16
9154,205,1664732513,1674377917,20,7,111,8.0,0.0,3
9155,2002,1662548525,1674576893,32,12,139,0.5094339622641509,2.9718075405475286,38
9157,8,1662216617,1664479970,5,1,57,2.0,4.242640687119285,2
9158,247,1662635668,1674050154,29,8,132,6.315789473684211,3.667464028134539,19
9160,209,1663043552,1673827527,24,9,124,6.846153846153846,2.2673829938997163,13
9161,591,1662448937,1673776747,23,8,131,8.5,1.224744871391589,6
9162,1322,1665413797,1673976800,21,8,99,6.285714285714286,4.750939756661683,7
9163,668,1665483201,1674579269,20,7,105,4.25,5.391792704790177,8
9166,267,1662966071,1674201694,22,7,130,6.4,1.51657508881031,5
9167,771,1663665594,1674418392,31,9,124,8.181818181818182,2.1362669223756576,11
9168,766,1662886620,1674322932,32,9,132,3.5652173913043477,4.679025607154877,23
9169,2655,1662548735,1674034504,38,11,132,3.5733333333333333,4.991733658930553,38
9174,2655,1662448955,1674594800,34,11,140,6.916666666666667,2.0652243256245835,12
9176,205,1664393092,1674282090,28,8,114,7.176470588235294,4.433329647647001,17
9179,449,1666947906,1674068633,27,11,82,7.214285714285714,2.2930856412794,14
9180,549,1665333519,1673781931,16,6,97,5.333333333333333,4.802776974487434,6
9182,600,1663669259,1674561656,29,7,126,7.5625,4.114506855829343,16
9183,2655,1662541976,1674585743,40,12,139,4.606060606060606,4.771980681954033,38
9184,177,1662278776,1674566423,10,10,142,8.285714285714286,1.2535663410560174,7
9185,591,1662650189,1674401487,21,9,136,8.857142857142858,0.6900655593423543,7
9186,342,1665487652,1674454511,31,7,103,7.375,4.014556845614054,16
9187,942,1662023619,1674298693,24,8,142,5.875,5.436319658424385,8
9188,241,1662494591,1674382765,24,10,137,7.076923076923077,3.200560848287335,13
9189,2655,1662446863,1674328424,29,13,137,3.8947368421052633,4.542826086016849,38
9191,324,1663352060,1673630173,14,9,118,8.4,1.5165750888103102,5
9192,1211,1662378469,1674589077,48,12,141,7.136363636363637,3.1817254160874127,22
9196,445,1662022347,1674588835,22,13,145,6.153846153846154,3.5554220060388952,13
9198,492,1665341369,1674458721,28,6,105,7.0625,3.8551913052402473,16
9199,582,1666955628,1674589672,34,7,88,6.9375,3.802959373961284,16
9201,120,1662887528,1671020261,8,6,94,-1.0,0.0,6
9202,624,1662528760,1673464725,17,11,126,2.744186046511628,4.30444412237606,38
9203,1093,1662050715,1674314076,22,8,141,6.166666666666667,3.761849963982502,12
9208,458,1664272922,1673955120,19,8,112,8.5,1.2247448713915892,6
9209,134,1669072299,1674583005,9,9,63,6.833333333333333,1.1690451944500122,6
9211,1635,1662449799,1674584503,22,6,140,8.75,0.957427107756338,4
9215,217,1662966380,1674216025,20,14,130,8.0,1.224744871391589,5
9216,480,1665479588,1673600094,35,7,93,6.875,3.757215280851853,16
9217,280,1666782804,1673767996,27,7,80,6.6875,3.736642878306676,16
9219,2092,1662537833,1673889245,23,12,131,4.746031746031746,4.731392259013551,38
9220,2655,1662548527,1674586052,47,16,139,3.2110091743119265,4.626960834579201,38
9225,365,1666271815,1674047866,32,15,90,6.933333333333334,3.990464825532174,15
9226,767,1662447651,1674555078,22,8,140,6.0,3.1091263510296048,7
9227,2655,1662392177,1674603754,36,10,141,3.347457627118644,4.599102697032033,38
9230,658,1662300996,1674571458,22,6,142,8.2,0.8366600265340756,5
9233,311,1663583780,1667236065,23,10,57,8.0,1.0,3
9235,146,1664806638,1671560646,20,6,78,9.0,1.0000000000000002,5
9238,392,1665659412,1674570927,30,7,103,6.5625,3.6326069610313376,16
9240,340,1662022332,1672690108,24,9,123,8.8,0.6324555320336754,10
9241,2655,1662627206,1674400778,39,9,136,7.35,4.120232492162752,20
9242,644,1662020753,1674590567,24,14,145,7.588235294117647,3.35519789895864,17
9243,852,1662444286,1672911053,29,8,121,4.6,4.9566542195952685,20
9246,394,1665564243,1674579006,31,7,104,7.25,3.958114029012639,16
9249,519,1662448956,1674418560,26,10,138,7.727272727272728,2.053821272209882,11
9253,201,1664780656,1674216109,20,4,109,7.4,1.51657508881031,5
9257,457,1664780752,1674477021,24,14,112,8.0,1.0,5
9260,2655,1662548445,1674462748,39,12,137,2.8622754491017965,4.749021671811297,38
9261,713,1663659682,1674335493,32,10,123,3.136363636363636,4.733824131618211,22
9263,242,1665558786,1674572573,20,8,104,9.666666666666666,0.5163977794943222,6
9266,1472,1662379090,1673956458,33,8,133,4.391304347826087,4.877957195708266,23
9270,163,1668090891,1674572603,15,8,75,7.6,4.8270073544588685,5
9271,312,1663248249,1674391302,28,8,128,6.388888888888889,3.897795589498805,18
9272,413,1663661345,1673559843,32,8,114,5.052631578947368,4.9043482318191245,19
9273,101,1663583754,1671700604,10,3,93,7.285714285714286,4.270608298368658,7
9277,789,1662199532,1674587328,22,7,143,3.6666666666666665,4.041451884327381,3
9278,308,1663701910,1674322043,29,6,122,6.7368421052631575,3.983885669699843,19
9284,1732,1662494484,1674573210,31,10,139,7.642857142857143,1.8232322463624384,14
9285,936,1662444239,1674508124,28,9,139,4.5,4.944934878477263,22
9288,728,1662455287,1674021197,33,9,133,6.862068965517241,3.970643506060038,29
9289,2057,1662367625,1674572424,27,13,141,3.493333333333333,4.810948474596794,38
9292,1707,1662466372,1674587756,28,7,140,8.642857142857142,1.7368026705655186,14
9294,15,1665466950,1673855421,7,6,97,4.75,4.573474244670748,4
9295,90,1663932509,1670849164,9,3,80,-0.2857142857142857,2.6726124191242437,14
9296,276,1662985348,1674465830,22,9,132,5.9375,4.8644115779814525,16
9297,515,1665659939,1674586449,23,7,103,6.470588235294118,4.244373438135828,17
9298,395,1665061785,1674216546,29,7,105,2.533333333333333,4.627042663464841,15
9300,439,1662465553,1674480834,28,11,139,7.642857142857143,2.060886398434602,14
9301,285,1666109736,1674573648,22,7,97,9.333333333333334,0.5163977794943225,6
9302,1109,1662481823,1673984076,33,11,133,8.428571428571429,2.064881658530644,14
9305,714,1664801839,1674594660,27,8,113,4.166666666666667,4.996665554814197,6
9308,799,1662452028,1674142881,29,15,135,5.206896551724138,4.20356405195832,29
9310,161,1664806887,1674470769,22,14,111,8.4,1.140175425099138,5
9312,259,1662985493,1673527819,21,11,122,6.133333333333334,4.580496957858654,15
9313,80,1663994942,1674140680,17,6,117,6.333333333333333,0.5773502691896257,3
9314,1427,1662391063,1673696894,23,10,130,4.0,4.493381376032552,22
9315,17,1666101770,1672664252,10,7,75,6.0,1.4142135623730951,2
9316,644,1662399796,1674327364,31,8,138,7.55,4.211200603903332,20
9318,1534,1662299947,1674485818,26,12,141,7.65,3.787444632216458,20
9319,672,1662899077,1674497584,27,10,134,6.5,3.6014702879926856,18
9321,923,1662148303,1674598595,30,14,144,3.0,4.303689014140634,24
9326,73,1662029049,1673293924,9,7,130,3.0,3.265986323710904,4
9328,371,1669117832,1674209537,19,5,58,8.25,0.5,4
9330,1863,1662552213,1674466250,29,7,137,6.928571428571429,2.0177781274036475,14
9331,1512,1662973657,1674027572,23,8,127,2.2083333333333335,4.4230538994117445,24
9333,1924,1663231494,1674323008,36,9,128,7.5,4.186444289546164,20
9334,336,1662923617,1674471966,25,12,133,6.2,1.6431676725154984,5
9335,273,1663594616,1674481247,19,11,126,8.5,1.0801234497346437,10
9337,1297,1662444286,1672242621,26,9,113,3.8095238095238098,4.032605207791207,21
9338,357,1662532599,1674544704,23,11,139,7.615384615384615,1.894661866862684,13
9339,605,1662463154,1674388468,25,9,138,7.5,3.505098327538656,8
9341,1194,1662484436,1674491606,26,9,138,4.115384615384615,5.085877883527469,26
9342,531,1662302840,1674205314,19,7,137,5.0,3.927922024247863,8
9343,182,1664806826,1674213703,21,8,108,6.8,1.095445115010332,5
9347,1568,1662444350,1672942436,27,9,121,3.6666666666666665,4.612522338031609,24
9348,693,1663182902,1674499975,23,12,130,4.222222222222222,4.763868642652151,9
9349,993,1662444296,1673520170,28,9,128,4.818181818181818,4.747293601284476,22
9351,13,1673544526,1673550813,6,4,57,-1.0,0.0,8
9355,666,1662701954,1673013534,39,14,119,8.666666666666666,2.6903708365381975,15
9357,84,1663683611,1670763563,11,5,81,9.0,3.6620642110310255,1
9358,1493,1662444651,1674563042,29,9,140,4.235294117647059,5.331773390405018,34
9365,122,1662451515,1669752583,13,6,84,9.0,3.6620642110310255,1
9366,376,1663665699,1671614236,18,8,91,3.2222222222222223,5.000653552058212,18
9368,10,1663504076,1672754358,4,1,107,0.0,0.0,2
9370,770,1662829104,1673437032,25,8,122,3.7,4.577979329009919,20
9375,554,1662442831,1674414040,16,8,138,4.0,0.0,2
9376,113,1664807299,1674207666,15,5,108,7.0,0.7071067811865476,5
9377,124,1667988286,1674250909,21,7,72,3.6,4.827552501826856,20
9378,149,1662966160,1673548772,17,5,122,9.0,0.7071067811865476,5
9379,382,1665925189,1673950883,27,8,92,4.894736842105263,4.886429471757076,19
9382,455,1662310479,1673804221,17,10,133,8.0,1.4142135623730951,8
9383,208,1664780672,1674204414,19,3,109,6.5,1.9148542155126764,4
9384,110,1664807251,1673908619,20,6,105,7.0,1.0,5
9386,162,1664780675,1674574111,20,11,113,2.1,4.012480529547776,10
9389,1205,1662912400,1674511702,27,11,134,7.071428571428571,1.9400351192017795,14
9390,139,1664780722,1674242848,18,6,109,5.2,0.4472135954999578,5
9394,218,1663954005,1674576318,23,6,122,8.2,1.3038404810405295,5
9395,1149,1663924947,1674456012,31,11,121,7.357142857142857,1.9456912102680337,14
9397,607,1662712373,1674567700,35,13,137,8.0,3.598941643369749,22
9398,487,1663238161,1674480405,35,13,130,7.875,4.256367778595579,16
9400,503,1662789507,1673606316,36,13,125,8.1,3.837488213594106,20
9401,936,1662789685,1674571431,39,12,136,9.157894736842104,2.315723018716877,19
9403,594,1662650346,1674217434,34,13,133,7.266666666666667,3.972524686009186,15
9404,546,1662489400,1674587512,38,13,140,8.052631578947368,3.0817326333398576,19
9406,553,1662642529,1674571791,36,12,138,8.157894736842104,2.2672341910779714,19
9407,593,1662651456,1673542907,38,13,126,7.7,3.7289761541064776,20
9409,640,1662552933,1673541902,33,14,127,8.9,2.2918620331397284,20
9410,638,1662650156,1674575365,39,14,138,6.636363636363637,3.6845294917747062,22
9413,371,1662714842,1674506337,28,11,136,6.666666666666667,2.3868325657594203,12
9414,127,1666375928,1673215474,10,4,79,8.0,3.6620642110310255,1
9416,209,1663525720,1672390320,22,11,102,8.454545454545455,0.9341987329938274,11
9417,263,1665472963,1674157397,28,6,100,7.0625,3.8551913052402464,16
9418,20,1663917535,1663917744,5,2,57,5.0,5.196152422706632,3
9419,335,1663500137,1674106009,30,8,122,7.3,4.0535884037934125,20
9422,154,1663142023,1674046838,25,7,126,6.944444444444445,4.193443372726218,18
9428,404,1662384360,1674033176,23,12,134,3.0,4.7833042972405595,26
9431,961,1662450648,1674388611,52,12,138,7.695652173913044,3.2951035658809604,23
9433,303,1664907560,1673886536,12,8,103,7.166666666666667,2.401388487243717,6
9434,2655,1662462463,1674479360,50,10,139,3.2857142857142856,4.197504927816955,28
9435,244,1663127801,1673815203,19,11,123,2.8461538461538463,4.636311531312861,26
9436,143,1669443546,1674292338,20,13,57,5.363636363636363,4.129714936232943,11
9441,137,1669647602,1674475924,13,6,57,6.333333333333333,1.2110601416389966,6
9445,150,1665582172,1673879062,7,6,96,8.0,2.0,3
9452,1328,1662535522,1674517476,35,11,138,2.2830188679245285,4.239844374909311,38
9453,167,1662672982,1674602392,9,9,138,0.8,3.614784456460256,10
9456,216,1667904859,1673523316,8,9,65,7.428571428571429,1.3972762620115438,7
9457,246,1662616488,1674122751,17,8,133,8.6,1.140175425099138,5
9462,436,1663061532,1674149427,12,11,128,5.625,3.2486260832190936,8
9471,234,1663653531,1670733517,19,9,81,0.0689655172413793,2.8088960743831044,38
9474,2095,1662632366,1674585472,36,11,138,6.315789473684211,4.028407895861416,19
9476,337,1664280712,1674044960,20,9,113,1.6,3.13581462037113,25
9480,28,1664115858,1664947329,10,5,57,-0.8181818181818182,0.4045199174779452,11
9487,4,1663917688,1663917706,3,2,57,-1.0,3.6620642110310255,1
9489,93,1662203403,1670932037,9,5,101,-0.1538461538461538,0.3755338080994054,13
9490,83,1663922581,1674421255,10,8,121,9.0,0.816496580927726,4
9496,135,1667153638,1674412636,21,9,84,8.8,0.7745966692414836,15
9497,152,1665479481,1674338258,17,11,102,4.375,4.395072999014541,16
9499,972,1665472833,1674243926,33,8,101,7.0,3.8815804341359033,16
9501,289,1667294369,1673598261,25,7,72,6.5625,3.632606961031338,16
9503,593,1664214182,1674508899,22,8,119,2.375,4.189142280166461,24
9504,269,1668683706,1673986790,26,8,61,3.75,5.092010548749032,8
9507,588,1664262837,1674581617,26,13,119,8.533333333333333,1.0600988273786192,15
9508,514,1664988121,1674585514,25,12,111,7.588235294117647,3.3737742872303227,17
9509,282,1664392294,1674566053,23,13,117,8.6,1.0555973258234947,15
9510,420,1663588647,1674493028,9,9,126,7.5,1.378404875209022,6
9511,229,1669032554,1673634553,10,7,57,6.857142857142857,3.6253078686998625,7
9512,1114,1662370981,1674591551,15,10,141,7.857142857142857,1.3451854182690983,7
9513,604,1662546585,1674454753,32,12,137,6.461538461538462,2.145358735168574,13
9514,476,1664736834,1674547358,13,10,113,7.571428571428571,1.3972762620115438,7
9515,228,1665981747,1674069298,9,6,93,8.0,1.6733200530681511,6
9519,18,1668174617,1674301402,5,4,70,1.0,3.464101615137755,7
9520,224,1665482559,1674587932,17,8,105,7.166666666666667,4.070217029430577,6
9525,1961,1662453620,1674458363,40,10,138,3.676056338028169,4.985048066503683,38
9538,842,1662118405,1674585400,39,10,144,4.846153846153846,3.508232077228117,13
9546,1406,1664816906,1674601082,37,10,113,5.444444444444445,2.554951619459315,9
9547,442,1664789945,1674597104,33,10,113,2.1578947368421053,3.961805955968633,19
9548,878,1666021571,1674589985,42,9,99,5.545454545454546,3.416537322015855,11
9549,380,1666693842,1674585919,37,9,91,3.3684210526315788,4.297422047845655,19
9550,376,1669989451,1674548402,30,8,57,1.2857142857142858,1.1126972805283737,7
9551,841,1666263029,1674565289,39,10,96,2.789473684210526,3.705535609334605,19
9553,890,1666251355,1674586112,34,11,96,4.461538461538462,3.1255768698323148,13
9554,1108,1662745535,1674587207,42,9,137,3.263157894736842,4.519612879970509,19
9555,972,1665997523,1674575661,39,10,99,5.6923076923076925,4.069902033722994,13
9559,415,1662144840,1674587109,32,8,144,4.333333333333333,2.783882181415011,9
9560,771,1663065197,1674565856,32,9,133,6.090909090909091,2.773248833211526,11
9561,500,1664361411,1674586476,33,11,118,4.230769230769231,2.9482719841133536,13
9562,658,1666110581,1674368207,37,9,95,2.4615384615384617,3.306946845036587,13
9563,1063,1666457658,1674592144,39,9,94,5.363636363636363,2.335496832484569,11
9564,698,1663336765,1674586564,32,10,130,6.7272727272727275,2.969542358374741,11
9565,310,1670071050,1674423345,27,7,57,0.6666666666666666,0.7071067811865476,9
9566,978,1662273381,1674586986,36,11,142,6.363636363636363,2.618118686107537,11
9567,1188,1663996912,1674585379,35,11,122,4.153846153846154,3.2875054840550924,13
9568,856,1664793974,1674592740,29,10,113,6.909090909090909,3.015113445777636,11
9569,519,1666079738,1674596712,33,9,98,4.615384615384615,3.355057414771058,13
9570,683,1662052967,1674586283,31,9,145,5.076923076923077,3.4511239343518816,13
9571,865,1662494279,1674588784,38,10,139,3.2857142857142856,2.4299715851758235,7
9572,2459,1665588196,1674588067,36,10,104,5.538461538461538,3.821330148333706,13
9573,762,1665593656,1674589131,34,10,104,4.7272727272727275,3.635681754249376,11
9574,376,1667107135,1672773871,31,9,65,2.909090909090909,3.6729972898042127,11
9576,735,1666111504,1674598131,37,9,98,5.538461538461538,3.864698880365382,13
9577,616,1666708533,1674467650,33,9,89,3.5454545454545454,3.882361043582535,11
9578,791,1666072358,1674587542,38,10,98,3.263157894736842,4.1612245161351495,19
9581,2574,1662458028,1674553423,29,16,139,6.5,4.206004777752421,22
9582,891,1662740396,1674595362,34,11,137,4.846153846153846,3.4603986727484126,13
9584,662,1664992996,1674156271,30,10,106,3.5,4.799839740914434,14
9585,2655,1662417776,1674592645,41,12,140,5.166666666666667,3.963602518862889,24
9586,1783,1662019978,1674569086,35,13,145,4.976744186046512,4.548617645023613,38
9587,5,1673732832,1673732867,3,1,57,4.0,7.0710678118654755,2
9592,70,1663499340,1668389483,3,4,57,7.0,3.6620642110310255,1
9593,1,1662108387,1662108387,1,1,57,4.0,7.0710678118654755,2
9596,2480,1664436492,1674555220,37,12,117,5.0606060606060606,4.092213596723919,33
9598,1938,1662039373,1674584837,36,13,145,5.225352112676056,4.805345782410584,38
9599,2655,1662554274,1674593389,35,14,139,4.246153846153846,4.680514025025621,38
9601,1969,1662021296,1674583633,33,15,145,4.2926829268292686,4.4342073837328835,38
9605,697,1669493324,1674589798,39,9,58,5.454545454545454,2.5045413298101655,11
9606,69,1664526389,1672749259,11,2,95,10.0,0.0,4
9612,9,1665356711,1665356781,6,2,57,1.0,3.6620642110310255,1
9628,514,1668112019,1674499240,35,9,73,5.818181818181818,2.67649703224875,11
9629,551,1664718621,1674583711,33,10,114,1.7058823529411764,3.157623827388899,17
9630,447,1662024654,1674595495,31,10,145,4.0,1.632993161855452,7
9631,514,1667152012,1674421480,33,9,84,3.8181818181818183,3.8940514074208576,11
9632,670,1666700316,1674592966,38,9,91,4.888888888888889,2.4720661623652207,9
9633,718,1662027337,1673256873,37,11,129,2.363636363636364,3.042128441493793,11
9634,469,1669396621,1674587500,34,9,60,6.444444444444445,3.0459444804161775,9
9635,967,1666078914,1674598331,36,10,98,6.444444444444445,3.0459444804161775,9
9636,672,1665596248,1674588083,40,10,104,4.7272727272727275,3.635681754249376,11
9642,98,1662148945,1672999726,17,5,125,1.8,3.2591750830880843,10
9649,324,1667208780,1674063222,20,15,79,9.214285714285714,0.8017837257372733,14
9650,2655,1662448374,1674580223,40,15,140,3.1648351648351647,4.831065528348187,38
9675,20,1662898666,1663850235,8,7,57,-1.0,3.6620642110310255,1
9676,775,1662226235,1674557286,37,8,142,4.181818181818182,4.996362313087029,11
9677,893,1662391129,1674472635,28,9,139,4.7272727272727275,5.04524979109513,33
9679,1661,1665508547,1674555752,49,10,104,6.153846153846154,3.69337591385248,13
9680,422,1662014533,1674558366,31,8,145,6.2,4.883915599081066,20
9681,2655,1662374977,1674598080,49,12,141,3.6323529411764706,4.98925535605281,38
9682,1204,1662289276,1674572500,44,13,142,8.333333333333334,2.6400183654090306,12
9683,1050,1663605248,1673889746,37,11,119,9.0,1.3093073414159542,8
9697,2655,1662462347,1674586778,30,7,140,1.6,4.096211343231823,20
9698,2196,1662380263,1674570316,43,10,141,5.181818181818182,5.051918993994809,38
9699,1523,1662018298,1674510315,31,10,144,7.6,2.065591117977289,10
9700,1392,1662627023,1674559348,36,9,138,5.388888888888889,4.704677133247783,18
9702,518,1662091547,1674411112,30,9,142,4.0,3.4641016151377544,7
9703,770,1665402074,1674587347,49,9,106,5.0,3.527668414752787,10
9704,380,1662124596,1674552483,34,11,143,1.2857142857142858,2.627691364061218,7
9706,963,1662055363,1674549795,35,10,144,7.333333333333333,4.131182235954578,6
9707,2095,1662966136,1674581753,35,10,134,6.8,4.494441010848846,5
9708,2655,1662307532,1674599515,42,11,142,5.904761904761905,5.0587030146546645,21
9709,738,1662462263,1674028631,30,6,133,2.4285714285714284,4.9856938190329,21
9710,755,1662548790,1673283075,35,11,124,4.266666666666667,4.42511120712263,30
9711,455,1664802168,1674576963,31,8,113,8.833333333333334,0.7527726527090811,6
9712,712,1662626507,1674575989,25,11,138,4.5,5.0903599780253606,18
9713,1943,1662471308,1674548184,32,8,139,6.647058823529412,4.457313883812035,17
9714,635,1664265971,1674331775,30,7,116,-0.125,2.4748737341529163,8
9717,759,1663307364,1674605045,27,7,130,6.933333333333334,3.32665998663324,15
9718,1535,1662391833,1674472362,26,11,139,4.342105263157895,4.5153150693432895,38
9719,2293,1663017656,1674582023,35,10,133,6.3,4.932171508521747,20
9720,2655,1662214627,1674559430,52,11,142,4.328571428571428,5.202344590081904,38
9721,349,1664860415,1674563950,26,6,112,8.833333333333334,0.7527726527090811,6
9722,1732,1662444714,1674565681,33,11,140,3.068965517241379,4.970850994136852,29
9723,1796,1662578320,1674581074,32,7,138,2.0,4.10690475500305,31
9724,246,1663088463,1674555498,30,10,132,6.05,4.773556546775492,20
9725,156,1663306356,1674552633,24,11,130,2.1666666666666665,4.915960401250875,6
9726,1442,1662534174,1674497756,26,13,138,3.1666666666666665,4.4298068135977555,24
9727,2655,1662469673,1674507842,45,10,139,3.246376811594203,4.682275078927819,38
9728,1645,1662462420,1673990102,38,6,133,2.047619047619047,4.421268940883267,21
9729,2655,1662462300,1674494451,46,11,139,3.5,4.476274906329708,28
9730,1017,1664802484,1674554161,33,8,112,1.875,4.470272176650246,16
9731,375,1663662378,1674585245,27,10,126,5.714285714285714,4.920801328471382,21
9732,2399,1662475182,1674576302,35,9,140,6.176470588235294,4.1718595092243795,17
9734,1951,1662490473,1674589877,32,9,140,5.125,5.083235752381126,8
9736,2655,1662380654,1673898479,33,7,133,2.0952380952380953,4.5266407180685535,21
9737,612,1665479081,1674411584,40,9,103,4.888888888888889,3.7230513172814463,9
9738,929,1662485648,1674244993,37,11,136,5.142857142857143,4.696052603294606,28
9739,2655,1662456860,1674466734,41,12,139,3.628571428571429,4.990342640414289,38
9740,1057,1662480945,1674138287,32,9,134,6.647058823529412,4.429181307964659,17
9741,44,1663928637,1666171059,7,8,57,1.0714285714285714,4.1595910618951235,14
9742,1132,1662528127,1674511092,41,10,138,3.75,4.679545720275436,28
9743,1333,1662471576,1674532586,36,11,139,4.821428571428571,4.538343403331313,28
9744,1568,1662447343,1674571457,29,11,140,2.65625,4.803287684559937,32
9745,2035,1662475371,1674563757,37,9,139,3.7666666666666666,4.875578362391081,30
9746,2655,1662459735,1673360378,40,9,126,5.722222222222222,4.335972047277433,18
9747,1040,1662530681,1674409389,41,12,137,4.333333333333333,4.65007402153956,24
9748,1875,1663392436,1674596719,29,7,129,5.0,4.868264577855234,21
9749,1494,1664862863,1674586961,34,10,112,8.916666666666666,0.9003366373785202,12
9750,2521,1662462371,1674484329,42,10,139,3.75,4.61579414137541,28
9751,2655,1662461556,1674461931,44,11,138,6.261904761904762,4.601481859986156,38
9752,2655,1662481744,1674562894,35,12,139,1.8666666666666667,3.945607189261752,30
9753,517,1662982373,1674595202,25,9,134,7.833333333333333,0.4082482904638631,6
9754,2655,1662462376,1674565210,34,6,140,2.136363636363636,4.713662558840495,22
9755,312,1663921409,1674574595,27,10,123,6.0476190476190474,5.123243020550465,21
9756,2655,1662462702,1674570355,43,11,140,3.75,4.37691756918124,28
9757,701,1662973510,1674579263,37,11,134,4.64,4.82078831727758,25
9758,1353,1663612469,1674059342,42,11,120,6.7894736842105265,3.521031215242695,19
9759,650,1662462496,1673908805,33,6,132,1.9473684210526316,4.490405626450519,19
9760,2655,1662394920,1674511514,43,11,140,7.026315789473684,4.252101814812028,38
9761,1077,1662444804,1673874220,24,8,132,2.2666666666666666,4.593348514396948,30
9762,1368,1664786493,1674581900,29,9,113,7.666666666666667,3.4278273002005224,9
9763,985,1663655133,1674553135,42,10,126,5.454545454545454,3.474583035808365,11
9764,2655,1662553327,1674579020,37,7,139,4.714285714285714,4.616739727804212,21
9765,2655,1662462452,1674053426,40,6,134,2.8,5.317300462690285,20
9766,572,1664906942,1674567983,30,6,111,8.8,0.447213595499958,5
9767,596,1662639224,1674569438,26,11,138,5.0,4.673986932604096,14
9768,1241,1662548535,1673698569,36,11,129,2.517857142857143,4.255439605230725,38
9769,1185,1662974312,1674471588,35,13,133,2.5,4.43739520332325,22
9770,524,1663091453,1674567508,29,12,132,7.0,2.449489742783178,11
9771,1108,1662493000,1673909864,23,10,132,3.1690140845070425,4.78385951625122,38
9772,1157,1662630931,1674541934,34,11,137,7.277777777777778,3.937833915709551,18
9773,830,1662385823,1674401875,32,11,139,5.178571428571429,4.7379755907362675,28
9774,2198,1662467485,1674588962,39,11,140,8.428571428571429,1.34245960914949,14
9775,2029,1662830453,1674562575,34,10,135,2.891891891891892,4.532498598294715,37
9776,1367,1662462519,1674203806,33,6,135,2.2,4.525948577515634,20
9777,1713,1663412319,1674557345,46,17,128,6.407407407407407,4.012089991122593,27
9778,720,1662462431,1674115692,24,6,134,2.0,4.358898943540674,21
9779,756,1663662348,1674603382,37,10,126,6.2,4.894680248682452,20
9780,12,1663139050,1663143885,6,2,57,-0.9,0.3162277660168379,10
9781,434,1662375063,1665434658,24,10,57,-1.0,0.0,4
9782,1171,1662547282,1673092987,29,9,122,6.470588235294118,4.317372567007965,17
9783,379,1663665126,1674528465,24,12,125,1.9615384615384617,4.512035188078827,26
9784,156,1663009815,1666895300,4,4,57,2.3333333333333335,5.773502691896258,3
9785,1655,1665402209,1674590361,45,10,106,6.0,3.847076812334269,11
9786,1107,1662460504,1673032352,32,9,122,6.470588235294118,4.360585497654293,17
9787,1842,1662462447,1674233631,41,10,136,3.636363636363636,3.811579531918301,22
9788,2655,1662448149,1674572028,49,10,140,3.986111111111111,5.190709619471851,38
9789,1088,1662480038,1674579407,33,9,140,6.470588235294118,4.346228926592907,17
9790,409,1662797169,1673596649,28,7,124,4.5,4.926735965396083,12
9791,694,1663909505,1674213299,29,10,119,8.1,2.330951164939612,10
9792,2202,1662403075,1674135031,38,10,135,1.4473684210526316,4.144011429214729,38
9793,1354,1662056732,1674596931,38,11,145,7.0,3.9749213828703582,11
9794,622,1662469079,1674587185,34,10,140,6.05,4.784569496115392,20
9797,736,1662527452,1674567958,31,8,139,8.733333333333333,2.840187787218772,15
9798,251,1664801808,1674567888,27,8,113,5.166666666666667,4.215052391924288,6
9799,1531,1662628647,1674600858,32,8,138,2.3846153846153846,4.089762076961671,26
9800,802,1662626494,1674563796,23,11,138,5.3076923076923075,5.202317038022823,13
9801,1194,1662037500,1674226377,40,10,141,3.5357142857142856,4.517309448785268,28
9802,1161,1662534437,1674573273,41,13,139,3.9166666666666665,5.0726604516733635,24
9803,719,1663417610,1674415942,24,7,127,3.764705882352941,4.576153020888641,17
9804,395,1662093195,1667372382,26,10,61,2.8260869565217392,5.113726393586041,23
9805,2655,1662101237,1673355686,40,9,130,5.588235294117647,3.9695532420130695,17
9806,1504,1662111878,1668793344,34,11,77,1.6166666666666667,4.290674423170525,38
9807,453,1664722217,1674586610,21,6,114,8.5,0.5477225575051661,6
9808,475,1662548706,1673394880,30,11,125,4.821428571428571,4.815511752571417,28
9809,115,1664814331,1674583955,25,8,113,3.0,4.795831523312719,5
9810,513,1664786938,1674582542,22,7,113,9.0,1.0,9
9811,182,1662627828,1666887694,14,9,57,8.0,3.6620642110310255,1
9812,2655,1662484534,1674553856,39,10,139,7.0588235294117645,4.629667755834296,17
9813,1270,1664890744,1674587141,29,8,112,9.333333333333334,0.5163977794943222,6
9814,1398,1662720182,1674202813,37,9,132,6.823529411764706,4.503266788089051,17
9815,2655,1662462384,1674591216,49,11,140,3.928571428571429,4.829911213267002,28
9816,597,1662402544,1674569549,35,8,140,5.631578947368421,5.219733138301969,19
9818,1003,1662120839,1674404450,28,8,142,1.2439024390243902,4.121774422532594,38
9819,911,1662124472,1674379981,26,13,141,2.9166666666666665,4.1169497643666775,24
9820,1445,1662132764,1672947294,37,11,125,9.3,0.6749485577105532,10
9822,718,1665472046,1674490178,37,10,104,3.888888888888889,2.758824226207808,9
9823,2252,1662462424,1674179957,33,11,135,3.032258064516129,4.269924831248921,31
9824,1275,1663596211,1674230311,33,12,123,6.892857142857143,4.382957615619556,28
9825,696,1663239511,1674468201,37,12,129,7.875,3.2705394924123103,8
9826,686,1663606990,1674558552,21,6,126,1.5454545454545454,4.009080601924495,11
9827,298,1662548716,1670332483,27,8,90,4.125,4.733995594179856,8
9828,471,1663686472,1674139266,31,12,120,5.333333333333333,4.527692569068708,9
9829,1179,1665472181,1674504572,51,10,104,6.0,3.5118845842842465,13
9830,2655,1662642742,1674572488,37,10,138,3.3055555555555554,4.609427881725171,36
9831,2586,1662445573,1674475297,40,11,139,4.634146341463414,4.115556448166976,38
9832,1249,1662618493,1674572521,30,10,138,3.2777777777777777,4.614332399390349,36
9833,1124,1662286957,1674511905,31,11,141,6.7,4.600915240757168,20
9834,553,1662492595,1674591661,30,8,140,5.666666666666667,4.91256891385081,21
9835,326,1664802158,1674552577,23,7,112,2.8333333333333335,4.833908011812664,6
9836,1066,1662527649,1674050185,29,9,133,5.7272727272727275,4.333578695053326,38
9837,194,1662462439,1664459943,23,10,57,0.3,2.972865794899386,30
9838,448,1664801831,1674557419,27,8,112,4.833333333333333,4.020779360604939,6
9839,1456,1662535469,1673904369,41,10,131,1.653061224489796,4.2551489418123545,38
9840,410,1664890521,1674557947,29,8,111,4.090909090909091,4.968994776703744,11
9841,2655,1662390159,1674470775,37,7,139,2.363636363636364,5.047823241806261,22
9842,1764,1662548690,1674496551,32,10,138,3.044776119402985,4.530813144695811,38
9843,1574,1663588438,1674491114,31,7,126,4.636363636363637,4.835833060112951,22
9844,138,1665485985,1669620456,12,7,57,-0.25,0.7071067811865476,8
9845,1014,1662618199,1674247452,36,10,134,4.384615384615385,4.40069924513751,26
9846,613,1663309863,1674238084,38,11,126,7.0,1.5,9
9847,2655,1662450071,1674552051,43,12,140,3.142857142857143,4.638051394424945,38
9848,262,1662491873,1668199836,24,11,66,1.318181818181818,4.133329842199336,22
9849,1457,1663587261,1674585067,30,7,127,4.809523809523809,4.697010193932387,21
9850,952,1664786959,1674550562,31,8,113,8.333333333333334,0.5163977794943225,6
9851,863,1662534183,1673984690,29,11,132,4.333333333333333,5.044727481472002,24
9853,309,1664905077,1674552671,25,7,111,8.0,1.6733200530681511,6
9854,695,1665510384,1674406186,37,8,102,4.666666666666667,3.427827300200522,9
9855,968,1663602769,1672398528,41,11,101,9.5,0.7071067811865475,10
9856,2655,1662447288,1674556017,34,10,140,4.114285714285714,5.062964886840333,35
9857,258,1663069081,1673380187,21,8,119,3.0,5.072803301265814,16
9858,767,1663086283,1668246876,19,12,59,-0.875,0.3535533905932738,8
9860,776,1662705849,1674582126,32,11,137,4.444444444444445,5.04360074715793,18
9861,1602,1662973501,1674556022,40,12,134,4.75,4.997825614161143,24
9863,386,1663677175,1673964353,34,8,119,5.476190476190476,4.823059688818371,21
9864,112,1664531310,1673613758,14,11,105,8.8,1.095445115010332,5
9866,453,1664172066,1674559447,28,8,120,6.0,4.74618960740863,20
9867,58,1664190916,1665589090,11,8,57,-0.8,0.4472135954999579,5
9868,485,1663226968,1674595230,37,12,131,3.857142857142857,4.298393941484479,7
9869,1378,1664199198,1674558492,31,9,119,8.090909090909092,2.071450962709253,11
9870,2655,1664693086,1674486966,55,11,113,6.538461538461538,3.821330148333706,13
9871,1728,1664802468,1674590396,30,8,113,2.3529411764705883,4.729444688208493,17
9872,671,1663239374,1674496379,28,11,130,7.0,2.569046515733026,11
9873,2655,1663096668,1674596653,42,13,133,7.25,2.6671401094873817,12
9874,430,1664860530,1674400283,29,6,110,8.0,1.0954451150103324,6
9875,2655,1662459550,1674585364,43,10,140,5.565217391304348,4.934351637951689,23
9877,437,1662548760,1673524053,28,14,127,2.5555555555555554,4.9525526527012085,9
9878,2361,1662621058,1674573628,38,11,138,5.303030303030303,3.703755260583916,33
9879,343,1662528432,1674163325,32,7,134,5.857142857142857,4.059087394500207,7
9880,1033,1664168135,1674550583,26,9,120,7.818181818181818,1.9908883353006928,11
9881,1236,1663239607,1674135223,38,12,126,7.375,3.0676887530703447,8
9882,1856,1663144874,1674569313,36,13,132,8.0,2.5936986577612915,12
9883,630,1663312898,1674491805,35,13,129,6.857142857142857,3.2877840272018797,7
9884,919,1662542526,1674055304,32,7,133,1.3448275862068966,4.099441269150201,29
9885,1245,1663088080,1674572672,35,12,132,7.727272727272728,2.6111648393354674,11
9886,1358,1662534389,1674603592,38,13,139,3.4,4.699290726623895,25
9887,1642,1663239390,1674461653,40,12,129,8.0,2.720294101747088,11
9888,54,1662539153,1664626152,10,6,57,-1.0,0.0,4
9889,129,1663949527,1670417662,14,8,74,0.2857142857142857,3.291681156364455,14
9890,2035,1662642495,1673384155,37,10,124,3.8333333333333335,4.948586237212244,30
9891,722,1662973458,1674328343,42,11,131,3.4347826086956523,4.46018840772574,23
9892,281,1667978416,1674576846,23,7,76,4.85,4.891184336183448,20
9893,2655,1662465562,1674578783,34,8,140,5.421052631578948,5.080636327968773,19
9894,1453,1664190470,1674495934,43,13,119,7.416666666666667,2.5030284687057627,12
9895,300,1662492035,1673561786,27,8,128,8.666666666666666,2.742956347412318,15
9896,501,1664890190,1674577722,34,8,112,5.6,5.009464726106499,20
9897,2655,1662479122,1674575211,44,13,140,4.916666666666667,5.182887114396734,24
9898,796,1664786994,1674586362,31,8,113,4.875,4.882549100038392,8
9899,2655,1663522158,1674500325,43,12,127,8.090909090909092,2.7369525189358126,11
9900,1080,1662837455,1673077366,32,8,118,4.0,5.119267188936727,30
9901,2352,1663182152,1674171842,36,12,127,8.090909090909092,2.736952518935813,11
9902,1387,1663752477,1674549307,33,12,124,8.090909090909092,2.7001683449201996,11
9903,768,1662714434,1674388443,33,8,135,8.4,2.8233718443429607,15
9904,447,1664806467,1674567505,27,8,112,5.65,4.579990806701874,20
9905,726,1664172174,1674477610,32,13,119,6.625,3.020761493398643,8
9906,1509,1662381218,1673289136,33,9,126,6.9411764705882355,4.588989379962844,17
9907,2655,1662388744,1674429898,38,11,139,5.392857142857143,4.871225305694244,28
9909,1169,1662548700,1674469657,38,10,137,3.0625,4.597704741377907,38
9910,1086,1662650171,1674589710,38,11,138,5.428571428571429,5.0032956171874385,14
9911,2235,1662493917,1674320589,37,9,136,3.5223880597014925,4.906267509770643,38
9912,879,1662495789,1674553782,31,11,139,5.464285714285714,4.947742791431132,28
9914,1687,1663306777,1674564397,42,11,130,9.181818181818182,0.7507571935295484,11
9915,1978,1662496120,1674471733,41,10,138,3.782608695652174,5.040627777246282,38
9916,331,1662467334,1669196418,22,12,77,1.5,3.696845502136472,4
9917,1485,1662462423,1674560642,27,6,140,1.9,4.102630734951468,20
9918,2241,1662455582,1674587641,39,10,140,3.6857142857142855,4.861987597212186,38
9919,692,1662555912,1673957565,32,9,131,2.0,4.0667507347342475,27
9920,860,1663039695,1674585606,33,11,133,4.631578947368421,4.968909184069695,19
9921,152,1662922690,1672761765,12,12,113,8.0,1.7320508075688772,3
9922,1749,1664116893,1674248523,37,11,117,8.11111111111111,1.0540925533894598,9
9923,2655,1662463649,1673870331,36,9,132,6.125,4.333974311568232,16
9924,600,1664802115,1674579608,33,8,113,9.166666666666666,0.7527726527090812,6
9925,808,1662637898,1674543039,30,11,137,5.214285714285714,4.822679935289274,14
9927,1085,1662535453,1674309752,38,10,136,4.205128205128205,4.583606297846404,38
9928,2655,1662410321,1674593169,54,12,141,9.11111111111111,1.996729351858975,18
9929,2655,1662447224,1674305259,32,11,137,2.5483870967741935,4.566827561721006,31
9930,565,1662447272,1674563606,26,8,140,1.967741935483871,4.354950217608631,31
9931,2655,1662447275,1674586150,41,10,140,4.142857142857143,4.995831595773954,38
9932,2655,1662447369,1674417375,35,11,138,2.757575757575758,4.60997765063931,33
9933,2044,1662448435,1674464860,31,8,139,3.5,4.697288167552877,32
9935,2655,1662449964,1674579534,43,9,140,6.411764705882353,4.302017310655138,17
9936,1640,1662450479,1674415853,50,13,138,7.24,3.0859898466024376,25
9937,1056,1662450483,1674388852,56,12,138,7.6521739130434785,3.338599266052836,23
9938,1936,1662450493,1674583340,48,12,140,9.428571428571429,1.0894095588038448,14
9939,1277,1662453290,1673526813,36,11,128,5.62962962962963,4.170852598211953,27
9940,1581,1662456599,1674571823,33,10,140,2.756756756756757,4.355108146414619,37
9941,2510,1662462435,1674594088,45,10,140,3.9642857142857144,4.917709063564297,28
9942,1301,1662462472,1674501919,36,6,139,2.142857142857143,4.563832975533989,21
9943,1932,1662462519,1674142982,36,6,135,2.0,4.358898943540674,21
9944,1071,1662488777,1674579191,41,12,139,4.72,4.877841052487599,25
9945,138,1663346563,1674079056,15,9,124,6.347222222222222,4.182996170689887,38
9946,635,1662628985,1674592795,30,11,138,6.545454545454546,3.804303782918403,11
9947,2655,1662465475,1674024766,37,10,133,6.647058823529412,4.457313883812036,17
9948,475,1662986137,1674587497,22,10,134,3.612903225806451,4.492047932030102,31
9949,766,1665511037,1674555298,44,9,104,6.461538461538462,3.864698880365382,13
9950,830,1662493282,1674563698,29,15,139,8.636363636363637,1.1200649331826498,11
9951,2339,1662530319,1673947481,43,17,132,2.34375,4.3432807072059365,38
9952,1829,1662621188,1674563950,42,11,138,6.6571428571428575,3.701691641453048,35
9953,672,1662553948,1668538756,34,10,69,2.6666666666666665,4.546060565661952,6
9954,257,1662986315,1670832512,20,8,90,0.027027027027027,2.4268643333343163,38
9955,34,1667722541,1668867975,4,12,57,-0.9,0.3162277660168379,10
9957,867,1664801803,1674547670,32,8,112,8.666666666666666,0.8164965809277263,6
9958,1259,1662464443,1674025358,38,11,133,1.6578947368421053,3.5661798456223286,38
9959,278,1662713076,1674511115,23,10,136,4.5,5.078790963118961,18
9960,1253,1662973602,1674545427,32,12,133,0.8095238095238095,3.280534218980921,21
9961,796,1664171786,1674196471,26,9,116,8.181818181818182,2.227921983292136,11
9962,638,1662534187,1673945711,24,13,132,2.92,4.071445279832049,25
9963,228,1665066856,1674494415,22,6,109,9.0,1.1547005383792517,4
9964,588,1664948090,1674563248,31,8,111,9.0,0.8944271909999156,6
9965,2655,1662466366,1671913218,41,10,109,3.4285714285714284,4.6527789167713145,14
9966,1071,1662467292,1674211216,32,9,135,6.0625,4.25,16
9967,2655,1662469763,1674589480,56,12,140,7.545454545454546,3.3626417155800743,22
9968,2007,1662470014,1674547750,38,10,139,5.153846153846154,5.096504583963305,13
9969,2162,1662472224,1674600803,40,10,140,6.588235294117647,4.3883200591087785,17
9970,2655,1662472766,1674561065,45,10,139,2.857142857142857,3.826944296106575,28
9971,1229,1662474416,1674489581,38,12,139,4.916666666666667,5.123828957762524,24
9972,2655,1662477122,1674562621,38,9,139,5.190476190476191,4.600207034678413,21
9973,2655,1662477556,1674589106,56,13,140,7.476190476190476,2.6574244602443096,21
9974,567,1662483094,1674574605,31,8,139,8.538461538461538,2.9612887007569473,13
9975,985,1662483152,1674467858,46,12,138,7.772727272727272,3.4077197819882596,22
9976,1278,1662485517,1674562939,42,10,139,2.566666666666667,3.883504756711687,30
9977,213,1662486805,1673459624,14,4,127,7.333333333333333,2.774341308665842,12
9978,957,1662489350,1674471123,40,10,138,7.846153846153846,4.038278384125135,13
9979,868,1662489427,1674244589,36,8,136,7.75,2.9580398915498076,12
9980,281,1662494861,1673310130,23,8,125,5.166666666666667,5.1019027592365855,18
9981,8,1662496020,1662888463,4,3,57,-1.0,0.0,2
9982,270,1668978953,1673299225,33,8,57,4.333333333333333,4.61455497822475,18
9983,293,1663944964,1674569724,24,8,122,5.809523809523809,4.966075388262321,21
9984,44,1663924444,1666079467,9,8,57,4.0,5.773502691896258,4
9985,179,1663690982,1673561732,23,8,114,5.333333333333333,5.11207720338155,21
9986,561,1664009690,1673639789,31,8,111,4.285714285714286,4.8388310276641935,21
9987,238,1664169478,1672653600,27,8,98,3.8666666666666663,5.409867527644893,15
9988,287,1665583320,1674565181,27,8,103,5.3,4.846051023907589,20
9989,827,1662617839,1673882121,25,7,130,1.2727272727272727,3.819521513062152,22
9990,214,1664211949,1674574940,28,8,119,8.266666666666667,2.685055643655045,15
9991,323,1663172091,1674586091,29,8,132,5.380952380952381,4.758951465146398,21
9992,2655,1662496947,1674375608,40,9,137,6.294117647058823,4.209582905145606,17
9993,1234,1662523695,1674550623,56,12,139,7.318181818181818,3.371962317424362,22
9994,733,1662528068,1670506268,24,11,92,7.0,4.268749491621899,10
9995,6,1662534521,1662539447,5,2,57,9.2,0.447213595499958,5
9996,477,1662534571,1674601586,26,10,139,6.0,4.12310562561766,11
9997,1268,1662539754,1674576562,37,9,139,6.0,3.829708431025353,19
9998,2365,1662542106,1672088858,35,11,110,6.238095238095238,4.1461399144838555,21
9999,1374,1662542132,1671708714,30,10,106,6.470588235294118,4.346228926592908,17
10000,1065,1662548776,1674291518,38,11,135,5.0,4.594682917363407,28
10001,1323,1662548784,1674589926,33,11,139,4.586206896551724,4.508066115145403,29
10002,605,1664879897,1674381790,25,6,109,7.0,3.6620642110310255,1
10004,966,1662973596,1674400272,43,13,132,2.869565217391304,4.382862782019066,23
10005,1085,1663003216,1674477004,55,12,132,7.590909090909091,3.3332251064681504,22
10006,1621,1662576150,1674590243,56,12,139,7.454545454545454,3.418817293789138,22
10007,765,1662629534,1674341686,38,11,135,9.666666666666666,0.6513389472789299,12
10008,879,1662647132,1674541149,34,11,137,7.0,3.757345746510897,18
10009,1363,1663611203,1674585344,33,8,127,3.1176470588235294,4.648687354258948,17
10011,57,1662558854,1662576323,11,6,57,-1.0,0.0,3
10012,454,1663565512,1674466647,28,12,126,7.833333333333333,0.4082482904638629,6
10014,2655,1662624925,1673951637,34,11,131,6.65,4.05585995813465,20
10015,237,1662619055,1673002421,17,11,120,1.393939393939394,4.212625324095667,33
10017,135,1663133827,1674128175,10,6,127,9.0,0.0,2
10019,2593,1662888628,1674603621,35,10,135,4.5,4.574174999174924,38
10020,415,1662624515,1674404421,38,8,136,2.4285714285714284,2.439750182371333,7
10021,472,1666774402,1674592787,32,17,90,6.615384615384615,3.5246385521180645,13
10023,1080,1663141855,1674558059,32,8,132,7.5,1.2860194997923453,14
10024,100,1663153514,1665581363,16,3,57,1.0,2.6457513110645907,7
10025,899,1664788067,1674587830,30,10,113,2.9375,4.625563028792639,16
10026,839,1663850720,1674570769,31,12,124,5.444444444444445,4.414428557263045,27
10028,1250,1663252334,1667246117,26,10,57,-0.3888888888888889,2.592724864350674,18
10030,463,1662982049,1674047113,30,8,128,6.388888888888889,3.897795589498805,18
10032,1414,1663251085,1673953849,28,12,123,4.6521739130434785,5.296728798832298,23
10035,2655,1663266589,1674125385,33,13,125,3.15625,4.725424541432674,32
10036,3,1663253623,1663253659,2,1,57,-1.0,0.0,5
10037,2655,1662726116,1673880134,42,12,129,5.553191489361702,4.977377127687869,38
10038,2655,1665486992,1674588690,56,11,105,5.230769230769231,3.269909431820351,13
10039,26,1663662598,1664297114,5,4,57,-1.0,0.0,4
10041,7,1669635902,1669636447,6,3,57,-1.0,0.0,5
10042,106,1663272157,1664709994,13,8,57,-1.0,3.6620642110310255,1
10044,1003,1664203561,1674598001,34,11,120,3.4347826086956523,4.961910253086385,23
10045,639,1664602409,1674282005,34,8,112,2.7916666666666665,4.3537007413150866,24
10046,247,1662748138,1672660335,24,5,114,3.7777777777777777,5.6740148435164,9
10047,213,1665988602,1674473674,24,8,98,2.6666666666666665,3.278719262151,9
10048,547,1662746206,1673027996,34,7,119,4.846153846153846,5.63983087580579,13
10050,303,1663002988,1674061424,26,6,127,-1.0,0.0,2
10051,436,1669668025,1674253159,32,10,57,7.222222222222222,3.419714088113865,9
10052,2101,1663583344,1674154195,50,12,122,6.888888888888889,3.4791629975324083,18
10054,431,1663239739,1668188000,27,9,57,1.2857142857142858,2.584824690635456,14
10055,2655,1665421177,1674489692,52,10,104,6.0,3.674234614174767,13
10056,638,1664826040,1674553595,29,8,112,9.166666666666666,0.7527726527090807,6
10061,1435,1663310255,1674464446,27,6,129,4.7727272727272725,4.9659010421244965,22
10063,1468,1663165577,1674400374,26,10,130,4.28169014084507,4.450306886983187,38
10065,145,1667241502,1668973559,12,10,57,3.5,4.033513452218893,14
10067,2655,1663129705,1674301589,32,11,129,2.4516129032258065,4.350009269548893,31
10069,822,1663191432,1674392694,31,10,129,2.420289855072464,4.704208994899108,38
10070,2653,1663172299,1674557235,45,12,131,6.421052631578948,4.341077079869841,38
10071,1194,1664117225,1674066432,30,9,115,8.545454545454545,2.296241989148198,11
10072,988,1663311005,1674591555,44,9,130,6.071428571428571,4.178043077332251,14
10073,1058,1663916230,1674559635,32,10,123,8.363636363636363,2.2482316283126735,11
10074,2655,1663169871,1674583855,43,12,132,7.0,3.2236868431572407,38
10075,2655,1663398698,1674483944,40,12,128,8.5,2.1529363983023586,38
10076,876,1663703759,1674279734,37,9,122,2.4285714285714284,4.3149794459588815,7
10077,900,1663235395,1674168636,34,9,126,-0.2459016393442623,2.1958729297245925,38
10078,2655,1663229520,1673995678,50,14,124,6.229166666666667,4.352742267608657,38
10079,777,1663746738,1673548547,23,7,113,4.181818181818182,4.436175569074525,22
10080,2340,1663349129,1673562928,52,13,118,1.887323943661972,4.40956523861042,38
10081,2655,1663193164,1674584104,46,11,131,6.82089552238806,3.5416370685436807,38
10082,191,1663736116,1674393014,20,5,123,7.1,4.306326095924976,10
10083,202,1663582552,1673965187,22,9,120,1.0,3.0983866769659336,11
10084,1206,1664708275,1674504849,29,8,113,7.818181818181818,2.1362669223756576,11
10085,807,1663587504,1674544417,24,9,126,7.1,4.306326095924976,10
10086,69,1665563184,1666245186,14,2,57,0.3636363636363636,2.2033033051637387,11
10087,948,1666971241,1674151421,32,9,83,7.818181818181818,2.04049904769308,11
10088,1297,1663395029,1674589615,33,7,129,6.625,4.55887413001646,16
10089,905,1663843883,1674491753,28,9,123,6.8,4.184627953726724,10
10090,1898,1663312737,1674579336,32,7,130,4.809523809523809,4.707643227975625,21
10091,279,1666858281,1674485820,21,6,88,9.0,0.5345224838248487,8
10092,540,1663087069,1673210469,33,7,117,5.0,5.325752187591567,12
10096,11,1668516440,1668523508,7,2,57,8.666666666666666,2.3094010767585034,3
10099,327,1667991067,1674562533,15,7,76,9.333333333333334,1.1547005383792517,3
10101,626,1663147984,1674419021,33,10,130,6.411764705882353,4.835530264735861,17
10102,950,1663179623,1674590409,37,11,132,6.3,4.437875262116464,20
10103,480,1663224921,1674557191,31,8,131,4.75,5.119037551585791,12
10104,126,1665678727,1673688586,19,8,92,9.2,0.8366600265340757,5
10105,707,1663606519,1673210830,24,5,111,1.25,4.5,4
10106,537,1664787833,1674572486,26,8,113,3.4,3.781534080237808,5
10107,76,1663684397,1671705637,6,6,92,9.0,0.9258200997725516,8
10108,181,1663320381,1674421355,17,6,128,9.0,0.0,3
10109,368,1663408459,1674218250,16,8,125,9.0,3.6620642110310255,1
10112,923,1663604911,1674314063,30,10,123,8.090909090909092,3.207944683268259,11
10113,641,1663607050,1672256279,39,11,100,6.333333333333333,3.325480947082957,18
10114,2655,1663613358,1673904691,48,12,119,7.333333333333333,3.694192580731196,18
10117,396,1663660603,1674416097,21,11,124,6.2592592592592595,4.137935127875632,27
10118,241,1664133467,1674474065,13,11,119,8.5,0.9258200997725512,8
10119,458,1663701258,1674395064,32,13,123,6.296296296296297,4.195371211363732,27
10120,61,1663703281,1667809732,12,8,57,-0.3333333333333333,0.6513389472789297,12
10121,529,1663726302,1674455666,29,10,124,2.5714285714285716,2.9920529661723827,7
10122,61,1668112471,1673436369,10,12,61,0.15,2.3680993933621335,20
10123,551,1665485367,1674405929,27,10,103,4.625,3.6620642110310255,8
10124,710,1664183525,1674568266,25,10,120,3.090909090909091,4.819692648856069,22
10125,781,1665472709,1674410737,39,10,103,4.555555555555555,3.358240279934981,9
10127,481,1666517889,1674410488,31,8,91,3.7142857142857144,3.728908942943218,7
10128,617,1664814621,1674545456,31,8,112,2.2941176470588234,4.620128595103616,17
10129,1433,1665508576,1674585002,51,10,105,6.076923076923077,3.5463957868409266,13
10130,539,1667509382,1674461326,40,9,80,4.285714285714286,3.903600291794133,7
10131,218,1664203638,1674217959,21,7,115,4.333333333333333,5.853773711604051,6
10132,586,1665477941,1674483217,37,7,104,4.75,3.8452196667699345,8
10133,564,1664897694,1674549275,30,8,111,4.0,5.239708527632567,12
10134,382,1664801825,1674553338,32,8,112,7.166666666666667,4.070217029430577,6
10135,2655,1665401938,1674567762,52,10,106,6.230769230769231,3.677722260535864,13
10137,677,1664880934,1674416376,24,6,110,9.0,1.095445115010332,6
10138,591,1664801804,1674576897,30,8,113,2.411764705882353,4.783550244449876,17
10139,481,1664902587,1674560708,30,8,111,9.0,0.8944271909999156,6
10140,504,1664802150,1674552558,29,8,112,2.8333333333333335,4.783177592227564,12
10141,2655,1665403003,1674573943,48,10,106,5.153846153846154,3.6707436541331746,13
10146,2655,1665505109,1674580196,42,7,105,4.555555555555555,3.320809807528546,9
10147,2655,1665462684,1674456785,47,12,104,5.846153846153846,3.5787836352163427,13
10149,731,1664821736,1674291465,25,9,109,8.0,1.4142135623730951,2
10150,694,1665518983,1674569190,23,16,104,3.2857142857142856,3.498298906339371,7
10163,117,1666344285,1673781872,18,7,86,4.285714285714286,4.990467102863408,7
10164,145,1666344583,1673290019,13,7,80,9.0,1.1547005383792517,4
10165,255,1666343898,1673782702,21,6,86,4.571428571428571,5.255382728122436,7
10175,557,1669634192,1674397078,26,13,57,7.3,1.7029386365926398,10
